Data_Hora,Id_Tweet,Tweet,Candidato
2022-08-01 03:27:06+00:00,1553945390017396739,"@alexandrekalil @LulaOficial ""penso parecido com ele"" n√£o precisa dizer mais nada...",Lula
2022-08-01 03:27:04+00:00,1553945382610247682,@LulaOficial N√£o sejam enganados. https://t.co/XY4fu3IUnE,Lula
2022-08-01 03:27:04+00:00,1553945380227891202,"@fabiano14885851 @macielclaudio @daniel_quint7 @alertatotal @LulaOficial @jairbolsonaro @cirogomes T√° dif√≠cil acreditar em petistas. Por que ser√°?!?
https://t.co/VTJkGAaTrw",Lula
2022-08-01 03:27:01+00:00,1553945368467066880,@santinzim Ata mais vdd do q o lula ter tds os dedos,Lula
2022-08-01 03:27:01+00:00,1553945367246413824,@LulaOficial Cheio de bla bla que s√≥ idiota acredita,Lula
2022-08-01 03:27:00+00:00,1553945363517685761,@alexandrekalil @LulaOficial #PTNuncaMais https://t.co/vOkVqTmR21,Lula
2022-08-01 03:26:59+00:00,1553945360577581056,@FBuenoF @JoseAloiseBahia @luceliaoficial @minc_rj @LulaOficial SDV TODOS,Lula
2022-08-01 03:26:58+00:00,1553945358081867779,"@Ricamconsult Sim, √â LULA PRESIDENTE 
#SouLula 
O cara que fez lob  para a privatiza√ß√£o do setor de energia e depois foi fazer propaganda para empresa de energia solar dizendo que os pre√ßos iriam disparar.",Lula
2022-08-01 03:26:54+00:00,1553945338834292743,@LulaOficial @ricardostuckert Contanto que ela continue como catadora t√° bom n√©!,Lula
2022-08-01 03:26:52+00:00,1553945333130006531,"Perfil de quem vai votar no lula: acad√™mico de federal classe m√©dia alta dependente dos pais aos 30 anos; ‚Äútrabalhador‚Äù pobre ou classe m√©dia baixa que n√£o sabe o que √© infla√ß√£o, defla√ß√£o, ciclos econ√¥micos e gasta 2/3 do sal√°rio com besteira ao inv√©s de poupar ou investir.",Lula
2022-08-01 03:26:52+00:00,1553945330210803717,"@Rconstantino Votei no Lula e na Dilma,  agora √© a vez do Bolsonaro. Brasil! O capit√£o √© muito corajoso.",Lula
2022-08-01 03:26:47+00:00,1553945311730614273,"@rennatodutra No Lula,nos candidatos do PT ou da coliga√ß√£o pq sen√£o de nada vai adiantar . Lula precisar√° ter o apoio do congresso,o que lhe dar√° governabilidade, para tocar os projetos e propostas p/reconstruir o pa√≠s.",Lula
2022-08-01 03:26:44+00:00,1553945299344932864,Para o povo Brasileiro sorrir de novo  @LulaOficial @joseluizpenna43 @ptbrasil https://t.co/ZYuClCyVEu,Lula
2022-08-01 03:26:42+00:00,1553945288561152001,@Pete_Mitchel01 @LulaOficial @manucrcarvalho um motivacional.,Lula
2022-08-01 03:26:38+00:00,1553945272119689225,"@LulaOficial Pra q isso aconte√ßa basta que n√£o roube; q infraestrutura seja constru√≠da aqui e n√£o l√° fora e q n√£o seja superfaturada; q as universidades simplesmente ensinem, sem ideologia; q o pagador de impostos n√£o sustente um setor p√∫blico enorme e cheio de privil√©gios... ou seja, SEM VC.",Lula
2022-08-01 03:26:38+00:00,1553945271633121281,@_ceoOfchilumi √â s√≥ me levar na passeata com o meu lula box,Lula
2022-08-01 03:26:35+00:00,1553945260635586560,@MarcoMosso4 @Malacheia3 @LulaOficial Realmente n√£o √© pra confiarmos nela... Pq confiar√≠amos?,Lula
2022-08-01 03:26:34+00:00,1553945256244248576,"@FBuenoF @minc_rj @luceliaoficial @LulaOficial Na verdade, ele insiste.",Lula
2022-08-01 03:26:34+00:00,1553945255585660929,O √≥dio jamais vencer√° o povo brasileiro. Sou Lula presidente do Brasil ‚≠ê,Lula
2022-08-01 03:26:33+00:00,1553945251139977217,"@Leonard46524150 @fyrFrostzin @anton_bastos o golpe que tirou Dilma, posteriormente resultou na pris√£o de Lula (poucos meses da elei√ß√£o em que o mesmo estava em 1¬∫ nas pesquisas) e no final de tudo trouxe o Bolsonaro ao poder.

Se der uma pesquisada sobre ‚ÄúRevolu√ß√µes Coloridas‚Äù ou at√© mesmo ‚ÄúGuerra H√≠brida‚Äù +",Lula
2022-08-01 03:26:30+00:00,1553945240335253504,"@prpaulomarcelo @LulaOficial @ricardostuckert @ptbrasil Uma coisa tenho certeza, o Deus que vc serve N√ÉO √© o Deus de Israel.

Vou logo avisando, arrependa-te enquanto ah tempo.

Enquanto existe vida, ha esperan√ßa.

Um servo do Deus vivo, n√£o pode ser cumplice de um L4DR√ÉO. Deus ama o pecador, mas odeia o pecado.",Lula
2022-08-01 03:26:30+00:00,1553945238191968256,"@l_nota_fa_l @xicograziano @LulaOficial O melhor em 500 anos de Brasil e n√£o agredimos ningu√©m, lutamos com amor https://t.co/pJAigKcL3e",Lula
2022-08-01 03:26:29+00:00,1553945235645939712,@Joooh999 @sunbruna10 @LulaOficial Faz o  L https://t.co/RWurc1DvhQ,Lula
2022-08-01 03:26:28+00:00,1553945229664845825,"@MaluRossi4 @A_ToRyBa @Teresin53806529 @tarlouze @FunckFlavia @Everton2039 @Octopusajnin @sebastiaoasouza @CantiiSandra @EledilsonFerr11 @MariaPAlves_23 @MariaMa11981773 @mirandammmcccc @AlcineiaCunha Setembro tem Rok In Rio.A Medina j√° est√° tensa,Lula vai bombar e os bozos se desesperar.",Lula
2022-08-01 03:26:25+00:00,1553945216738119680,"@LulaOficial Faz um pix de 1.000$ a√≠ lulinha, manifesta seu socialismo e come√ßa a dividir a sua fortuna com nois pobres. Ops, esqueci que a igualdade q o socialismo quer √©  igualdade de mis√©ria pro povo e riqueza pra quadrilha @EliasChagas19",Lula
2022-08-01 03:26:23+00:00,1553945210312445952,"@lybrjack O impeachment √©  respaldado em um artigo da cf88, na quest√£o  do moro fachin de forma arbitr√°ria disse que n√£o  era compet√™ncia  da vara de curitiba mas tamb√©m  n√£o  negou os crimes do lula segundo as leis positivadas etc",Lula
2022-08-01 03:26:21+00:00,1553945201193918465,"@pstnmel OWNNNN
 ‚ú®lula‚ú®",Lula
2022-08-01 03:26:21+00:00,1553945200539717632,@FBuenoF @Antonia_Lula @luceliaoficial @minc_rj @LulaOficial ü•∞,Lula
2022-08-01 03:26:21+00:00,1553945199260352515,"@jeanwyllys_real @Estadao PCC : "" T√≠nhamos di√°logo cabuloso com O PT "". Abaixo : @LulaOficial corrupto com @dilmabr corrupta em parceria com ditadores assassinos e racistas de gays, negros e oposicionistas. @jairbolsonaro presidente. https://t.co/WD603FE1L5",Lula
2022-08-01 03:26:20+00:00,1553945196655742981,@LulaOficial Uai! Port√µes? Kkkkkk Ladr√£o!,Lula
2022-08-01 03:26:19+00:00,1553945194332053505,"Finalmente saiu a Toalha do Ciro Gomes!
@lula13133
@Sgt_Pimenta4
@Mano1Ju
@mmarescast
@Mano1Ju
@Canhoto
@hilde_ange
@ThiagoResiste
@ZBombazar
@DilmaDebochada_
@DilmaeFICA
@DilmaResiste
@sequeira_kg
@cmsclaudio
@edusilvafogo
@EduMasterPE1
@ComiteVirtual13
@CPL_Nossa_Voz
@luta_lula https://t.co/bfidsBO4Ig https://t.co/YRnAe64QLE",Lula
2022-08-01 03:26:19+00:00,1553945191962255360,"@EMILYAN09219938 @AndreJanonesAdv @LulaOficial Kkkkkkkkk...... Quem ficou 16 anos no poder e ACABOU COM A POBREZA mesmo???? dei uma de LOULA, me esqueci üòÇüòÇüòÇüòÇüòÇüòÇüòÇüòÇ",Lula
2022-08-01 03:26:19+00:00,1553945191710703616,"@LulaOficial Por causa do Photoshop.
#LulaNuncaMais 
#BolsonaroReeleito2022",Lula
2022-08-01 03:26:18+00:00,1553945190389501953,"@LulaOficial O ladr√£o, a pol√≠cia tem q refor√ßar a seguran√ßa onde vc passar com sua quadrilha e seus jumentos e o povo de bem da cidade guardar as carteiras e principalmente os aparelhos celular, q teus menino se adoram roubar para tomar uma cervejinha... Tnseucooollll",Lula
2022-08-01 03:26:15+00:00,1553945177731264513,@LulaOficial Roubando o pa√≠s e enganando o povo com copo de leite? Vergonha,Lula
2022-08-01 03:26:12+00:00,1553945162220507136,"@Lulaucha @IL0VESASHA_ Ay hermana Rachaell, debes ba√±arte, haz caso Lula o ella te dar√° pi√±as",Lula
2022-08-01 03:26:09+00:00,1553945151994732544,@marcelorubens Quem √© vc para obrigar algu√©m a apoiar Lula? Pq essa cartinha de advogado de EMPREITEIRA corrupta √© manifesto a favor do amigo do Cabral.,Lula
2022-08-01 03:26:07+00:00,1553945143782379525,"ele j√° pensando em marcar com o hoseok p vir pro brasil no carnaval de 2023 com lula presidente e brasil hexa campe√£o, amores https://t.co/jYMYwD2nIA",Lula
2022-08-01 03:26:07+00:00,1553945143039954944,@DeputadoFederal @LulaOficial https://t.co/xGLCG65Jl1,Lula
2022-08-01 03:26:03+00:00,1553945125637820416,"@MarcoMosso4 @BloisiNata @LulaOficial Concordo √© exatamente isso
Parece que o golpe com a ajuda do Temer n√£o ensinou nada pra esquerda.
E eu me pergunto:
Quantos votos a T√°bata tr√°s para o Lula?",Lula
2022-08-01 03:26:01+00:00,1553945116892700673,"@PauloCsarMaria6 @NaiaGago @reinaldoazevedo T√°, t√° misturando filho no meio mas tudo bem. Ent√£o amigo do amigo de miliciano o torna um. O contador do filho do Lula, que trabalha no endere√ßo da empresa dele que √© do PCC, torna a fam√≠lia Lula membro do PCC? Estamos diante de uma guerra de fac√ß√µes ent√£o.",Lula
2022-08-01 03:25:59+00:00,1553945110718586881,"@LulaOficial @Marcello4487 @ricardostuckert Acredito em cada palavra sua meu presidente. Te desejo sa√∫de e for√ßa pra realizar seu plano de governo, q h√° de ser ainda melhor q o anterior.
#LulaEoPTReconstruirOBrasil",Lula
2022-08-01 03:25:58+00:00,1553945102921486337,@K0ZmozZ @alfredolimaaaa @LulaOficial @ptbrasil Coitado do Brasil se essa desgra√ßa vota ou poder,Lula
2022-08-01 03:25:57+00:00,1553945101096861699,@FlavioBolsonaro Do Lula üôè,Lula
2022-08-01 03:25:57+00:00,1553945099905769475,"@MarcoMosso4 @Malacheia3 @LulaOficial Mas n me parece que ela ter√° algum tipo de participa√ß√£o no futuro governo do Lula, √© somente uma declara√ß√£o de apoio... E eleitores de outros nichos s√£o importantes para #lulaeleitonoprimeiroturno",Lula
2022-08-01 03:25:56+00:00,1553945096457969664,"@LulaOficial E olha que de reconstru√ß√£o vc entende heim, depois posta umas fotos do s√≠tio de Atibaia e do triplex do Guaruj√° pra gente v√™ como ficaram depois da reforma...",Lula
2022-08-01 03:25:55+00:00,1553945093400395776,"Faltam 62 dias.
Para o fim do desgoverno golpista, miliciano, mentiroso e corrupto.
Para eu votar no PT.
Para eu votar no 13.
Para eu votar no Presidente Lula.
Para eu votar no Governador Edgar Pretto.
Para eleger o Governador Haddad.
Para eleger o Governador Requi√£o.",Lula
2022-08-01 03:25:52+00:00,1553945081517940737,"@LulaOficial Vc mete o Loko, vagabundo, ladr√£o, pilantra!",Lula
2022-08-01 03:25:52+00:00,1553945077927628800,"Se n√£o fosse a dupla Lula/Haddad, o Z√© Eduardo Cardoso j√° teria sido eleito prefeito de SP, governador de SP. Melhor quadro do PT. https://t.co/hac1UPqFde",Lula
2022-08-01 03:25:50+00:00,1553945073133539328,@Rconstantino Pode chorar a vontade mais o Lula vai ganhar no primeiro turno,Lula
2022-08-01 03:25:48+00:00,1553945060718350338,@Arevalo80MT @MonederoJC A Lula por delincuente fu√©,Lula
2022-08-01 03:25:46+00:00,1553945052912680960,@LulaOficial Mas menti o bich√£o....ü§≠ü§≠ü§≠,Lula
2022-08-01 03:25:45+00:00,1553945049372758018,"@LulaOficial Ain, mais eu criou (nem criou, apenas mudou de nome), do fies! Mentira, tu s√≥ deixou milhares de pessoas com d√≠vidas imensa! Seu traste!",Lula
2022-08-01 03:25:44+00:00,1553945047338520579,"@Estadao Lula e um ladr√£o. Ali√°s, ainda ao explicou como o contador e o mesmo do PCC. Lula e PCC, tudo a ver!",Lula
2022-08-01 03:25:44+00:00,1553945045916680192,"Rui Costa Pimenta disse hoje em entrevista ao 247 que Ciro s√≥ √© candidato pra tirar votos de Lula. Ainda bem que n√£o est√° conseguindo. Ciro n√£o v√™ que a candidatura de Lula, longe de ser um projeto pessoal, √© um ato pol√≠tico de bravura e resist√™ncia por todos n√≥s brasileiros.",Lula
2022-08-01 03:25:43+00:00,1553945043458727938,@prudentemarlene @LulaOficial Faz o L https://t.co/o3gYies9Fl,Lula
2022-08-01 03:25:43+00:00,1553945042808602624,@senadorhumberto @LulaOficial #CapitaoNoPrimeiroTurno https://t.co/gipC4Yg0o7,Lula
2022-08-01 03:25:40+00:00,1553945028111863808,Lula sempre √© claro!!! Adorooo! https://t.co/uBdMiYjHuP,Lula
2022-08-01 03:25:39+00:00,1553945023468785664,@LulaOficial https://t.co/6Zn3XhGZ4u,Lula
2022-08-01 03:25:37+00:00,1553945016992759808,"@LJamarco @muitobomissoaki @LulaOficial Escuta aqui ser inepto, vai se capacitar pra ser gente primeiro, porque animal, bandido, canalha,, mentiroso e vagabundo j√° basta a bosta de ""Presidente"" que voc√™s elegeram. Beijos de luz pra voc√™, agora devolve e continua na escurid√£o. #LulaNo1¬∫Turno",Lula
2022-08-01 03:25:36+00:00,1553945014002237440,"Agora √© OFICIAL MEU DEPUTADO ESTADUAL @patricklopes √© e ser√° o mais VOTADO DA BAHIA! Rumo √† Vit√≥ria, junto com @LulaOficial , @Jeronimoba13 , @ottoalencar , @somosavante70 !!!",Lula
2022-08-01 03:25:35+00:00,1553945008935411713,@LulaOficial Proteja o bolso.,Lula
2022-08-01 03:25:34+00:00,1553945005479321601,@luizmoura123 @Iedams22 @RochaDieison @elizioroberto02 @LulaOficial @gioewbank @brunogagliasso A revolu√ß√£o. O socialismo √© nada mais de que fazer o capitalismo um inferno.,Lula
2022-08-01 03:25:28+00:00,1553944980300992512,"@rennatodutra Pres - Lula PT
Gov - Freixo PSB
Senador - Molon PSB
Fed - Taliria PSOL
Est - Dara PT
V√°rios partidos. Mas tudo esquerda",Lula
2022-08-01 03:25:28+00:00,1553944979315343361,@szlallesca @LulaOficial N√£o estou conseguindo seguir impedido pelo twiter.,Lula
2022-08-01 03:25:26+00:00,1553944969454522368,"@LulaOficial Kkkkkk , seus ot√°rios, ele vai mandar vcs pra cuba pra trabalhar de gra√ßa e ficar com 90% do seu sal√°rio. Viva a Fidel, viva ao Foro de S√£o Paulo, Viva ao Comunismo.",Lula
2022-08-01 03:25:25+00:00,1553944966417633281,"@Rconstantino Cada um que tem no m√≠nimo dem√™ncia e mau car√°ter √© marginal, √© ladr√£o, n√£o gosta de trabalhar e pode votar no LULA.",Lula
2022-08-01 03:25:24+00:00,1553944962500333568,@LulaOficial Ladr√£o!,Lula
2022-08-01 03:25:23+00:00,1553944959836880897,"31¬∞ Os ""modus operandi"" do Lula a era do Brasil Colonia, "". O rei sabia, as autoridades envolvidas na repress√£o ao contrabando praticavam contrabando, as elites lucravam muito e o rei fazia vistas grossas"". (Romeiro) #lulateenganou #votecerto",Lula
2022-08-01 03:25:22+00:00,1553944953012862981,o hoseok escolhendo vim para o brasil em 2023 porque o lula vai ser o presidente,Lula
2022-08-01 03:25:21+00:00,1553944949376385024,@marcelorubens O Lula fala com orgulho que ajudou a libertar os sequestradores do Ab√≠lio Diniz e vc queria o que? que ele assinasse um manifesto que tem a participa√ß√£o do PT?,Lula
2022-08-01 03:25:12+00:00,1553944911799619586,@ptbrasil @LulaOficial E tem trouxas que acredita. Mentiroso,Lula
2022-08-01 03:25:10+00:00,1553944901917839363,@camerom54 @OGloboPolitica √â Lula 13,Lula
2022-08-01 03:25:09+00:00,1553944900701507584,"@AdrianaMaciel76 Mas eu n√£o consigo compreender porque a galera se importa tanto se ele √© Lula ou Bolsonaro, mentindo ou n√£o. Ele pode ser o que quiser ou ele pode ter mudado de opini√£o. Mas as pessoas est√£o usando isso por conta de torcida, pelo que aconteceu l√° dentro e pelos √∫ltimos epis√≥dios",Lula
2022-08-01 03:25:07+00:00,1553944890396008448,@LulaOficial https://t.co/X3hmgnHgOu,Lula
2022-08-01 03:25:06+00:00,1553944885622972417,@LulaOficial Onde foi que vc tem isto isso? Milhares de pessoas? C√™  t√° confundindo seu p√∫blico com o p√∫blico do Bolsonaro n√©?,Lula
2022-08-01 03:25:05+00:00,1553944880623370247,"@joao027_ @Kill3verybody @annaduzzi @BarnaOficialrj @Lenildaaf @econo_vulgar @LulaOficial na ‚Äò √©poca do lula ‚Äò n√£o tinha um litro de leite a 10 reais, tampouco uma bandeja de frango a 21 reais.",Lula
2022-08-01 03:25:03+00:00,1553944875845943296,@alfredolimaaaa @LulaOficial @ptbrasil Parab√©ns üëèüëèüëèüëèüëè,Lula
2022-08-01 03:25:03+00:00,1553944872670855171,"@xandevermelho @dadourado E n√£o falo isso como cr√≠tica ao Lula n√£o. √â porque se ele n√£o dan√ßar conforme a m√∫sica, quem sofrer√° impeachment √© ele (lembra da Dilma?). Ah, e n√£o ser iluda: o Brasil nunca eleger√° uma bancada majoritariamente de esquerda. Pelo contr√°rio: com a distribui√ß√£o da verba do +",Lula
2022-08-01 03:24:59+00:00,1553944858112544769,@LulaOficial T√° formando na cadeia cambada de...,Lula
2022-08-01 03:24:59+00:00,1553944857244274691,@nnunesjr @LulaOficial @gioewbank @brunogagliasso A m√£e da Mariele merecia ter a filha morta por lutar contra mil√≠cia?,Lula
2022-08-01 03:24:59+00:00,1553944856141209600,"@BloisiNata @LulaOficial N√£o podemos analisar a T√°bata como um apoio pessoal, ela n√£o √© um voto um CPF.
Ela faz alian√ßas pol√≠ticas e toda alian√ßa tem um pre√ßo, acredito que s√≥ de ter a√≠ lado uma pessoa desprez√≠vel como ela, o pre√ßo j√° √© alto de mais",Lula
2022-08-01 03:24:57+00:00,1553944848566190081,"@wancardoso97 @leofffernandes @renatacduarte1 @LiliFerGuterres @PedroRonchi2 Todos os v√≠deos de Bolsonaro s√£o recentes, o q fazem a oposi√ß√£o ficar ca√ßando qualquer erro do Lula pra provar que ele √© t√£o imbecil quanto Bolsonaro, s√≥ que mais uma vez, n√£o cola, existem pessoas inteligentes no Brasil, goste vcs ou n√£o '-'",Lula
2022-08-01 03:24:56+00:00,1553944845181403145,"@LeonardoBoff Lula e PCC, tudo a ver",Lula
2022-08-01 03:24:55+00:00,1553944841222062081,@LulaGlez9 Buenas noches hermosa Lula,Lula
2022-08-01 03:24:55+00:00,1553944841108733952,"@lordedaniel @RafaelMottaRN N√£o sei se vital, mas acredito que traria impacto. Lula lidera com 60% das inten√ß√µes de voto no RN.",Lula
2022-08-01 03:24:50+00:00,1553944821450084353,"@MarceloUchoa_ @LulaOficial @ptbrasil N√£o sei onde foi, mas essa √© a praia do futuro kkkkkkkk",Lula
2022-08-01 03:24:50+00:00,1553944820405702656,"@LulaOficial Devolve o nosso dinheiro, safado!!!",Lula
2022-08-01 03:24:47+00:00,1553944808451891200,@JoseAloiseBahia @WilmarPetista @analiseagora @CleuzaturC @ConceicaoRT @RobsonJAraujo1 @rocha_oni @Mariasolangece1 @OAlagoas @AdvocaciaCrime @PetistaAlerta @marineslazzaron @de_borgez @YaiaSobreira @Liz6macielgmai1 @ArthurSchmidt52 @SilvaLucida @InesNasciment12 @ValdiviaLiette @IsabelFeijMach1 @AnnaS_Gdottir @AndreaL56788742 @marquinhos3173 @augustotomanov @hmsjulio @RogriaFranca1 @roberto19355624 @VaniaCbotcontaR @Leila_Argollo @alvaroluizcunha @AngelaYasmimo13 @V13lula @prefiroacredit @borgescm @Edumundial1951 @olhodopantera @Maria_Rebocho__ @JosedeliZedali @BBB2Van @nadiaprado7 @marinhando7 @parasamuel @Alexand92840726 @ADTur_Tur @CLulista @wwmfa0627 @CleuzaTur @LulaOficial T√° bombando. Bora chegar a 800 mil .,Lula
2022-08-01 03:24:47+00:00,1553944807717982216,"@xandevermelho @dadourado Qdo esteve na m√£o da esquerda foi a mesma coisa. E qdo estiver de novo, com Lula, nada mudar√°. Nem Lula, nem o senado ir√£o querer tirar esse ou outro ministro do STF por impeachment. Para n√£o sofrerem repres√°lia dos demais ministros e pq sabem que poder√£o precisar dele no futuro.",Lula
2022-08-01 03:24:47+00:00,1553944806669549568,"@strcawberrie hai lula, lagi ngapain nih? sarapan udah lul?",Lula
2022-08-01 03:24:46+00:00,1553944804312096769,@rennatodutra Meu voto √© secret13o. N√£o vou contar que vou votar no Lula pois √© secreto que vou votar no Lula.,Lula
2022-08-01 03:24:45+00:00,1553944799979397123,"@monark So vc que n√£o acordou ainda ü§¶üèª‚Äç‚ôÇÔ∏è
Enquanto vc n acordar e encarar a realidade de que s√≥ Bolsonaro  luta pela tua liberdade voc√™ continuar√° em sono espl√™ndido at√© o Lula te acordar pro pesadelo.",Lula
2022-08-01 03:24:45+00:00,1553944799341936640,"@LulaOficial Pq vc quer nos roubar mais?
J√° n√£o basta ?
Ficou rico as nossas custas????",Lula
2022-08-01 03:24:44+00:00,1553944795004928010,"@jason36silva @alfredolimaaaa @LulaOficial @ptbrasil Jovens mal orientados, uma perda para o pais...
Um dia v√£o cair na real, espero que n√£o soframos para que possam ver.",Lula
2022-08-01 03:24:41+00:00,1553944783529414656,@LulaOficial Vc compareceu em quantos lar√°pio? Tu nem na rua aparece!! Nego t√° indo pra te tacar ovo!!,Lula
2022-08-01 03:24:41+00:00,1553944781788782593,aposto que no governo Lula teria muito mais bolsa integral nesse prouni,Lula
2022-08-01 03:24:41+00:00,1553944780467539968,@rennatodutra Lula e Haddad,Lula
2022-08-01 03:24:41+00:00,1553944780207521792,@MetodoMoreira @PauloRobertoPd4 N√£o creio q o Lula aceita isto!,Lula
2022-08-01 03:24:40+00:00,1553944777753858050,"@heldersalomao Lula e Dilma deram o cano e Bolsonaro trouxe a √°gua. 
Rsrsrs
#CapitaoDoPovoVaiVencerDeNovo",Lula
2022-08-01 03:24:38+00:00,1553944770409545731,@LulaOficial Isso √© dignidade. √â assim que deve ser.,Lula
2022-08-01 03:45:13+00:00,1553949947334213633,@ThiagoResiste Bolsonaro na cadeia,Bolsonaro
2022-08-01 03:45:07+00:00,1553949925456707586,@ss2_ya bolsonaro,Bolsonaro
2022-08-01 03:45:05+00:00,1553949913486163970,@bibonunes1 Quem vai pra cadeia √© Bolsonaro. Vc vai pro lixo da hist√≥ria.,Bolsonaro
2022-08-01 03:45:03+00:00,1553949906058055680,O FORA BOLSONARO RACHEI https://t.co/R6ENMrYIVf,Bolsonaro
2022-08-01 03:45:00+00:00,1553949893365997568,Bolsonaro vibes. https://t.co/TkoKm4cYJg,Bolsonaro
2022-08-01 03:44:55+00:00,1553949873183100928,"@senadorhumberto Nunca foi t√£o f√°cil escolher. 
Bolsonaro 22",Bolsonaro
2022-08-01 03:44:52+00:00,1553949859471937536,@rosedbarros @jairbolsonaro Com certeza üëç,Bolsonaro
2022-08-01 03:44:41+00:00,1553949815616294912,@LulaOficial @ricardostuckert Luladrao na cadeia!!!! Bolsonaro para sempre üáßüá∑üáßüá∑üôè,Bolsonaro
2022-08-01 03:44:40+00:00,1553949812709523456,Bolsonaro rindo da cara dos otarios q v√£o votar nele e continuar reclamando q o Brasil n√£o melhora por mais 4 anos https://t.co/IQlrBAdgQU,Bolsonaro
2022-08-01 03:44:38+00:00,1553949804010643456,"@SoniaLazaro18 @FlavioBolsonaro @tarcisiogdf @jairbolsonaro N√£o √© justo seu argumento ‚Ä¶nosso presidente tem que governar com os pol√≠ticos que N√ìS elegemos .
TENDEU?",Bolsonaro
2022-08-01 03:44:33+00:00,1553949780556087304,comi dois hamb√∫rguer ainda t√¥ c fome eh tudo culpa do Bolsonaro mesmo,Bolsonaro
2022-08-01 03:44:30+00:00,1553949767901782017,"@juliofreitasmg @ThalesBH38 @Rconstantino O mundo desabando e o Brasil segue crescendo, desemprego diminuindo, n√£o temos desabastecimento, n√£o estamos em guerra e somos a garantia de alimentos p/o mundo. Bolsonaro acertou em todas as medidas. Podem n√£o ter sido as ideais, mas foram as melhores a serem tomadas no momento.",Bolsonaro
2022-08-01 03:44:27+00:00,1553949755792715782,@jairbolsonaro nao consigo RT,Bolsonaro
2022-08-01 03:44:23+00:00,1553949739313422338,"@BlogdoNoblat N√£o deu tempo de participar, mas deixo aqui meu voto
BOLSONAROüáßüá∑üáßüá∑üáßüá∑üáßüá∑",Bolsonaro
2022-08-01 03:44:19+00:00,1553949720585949184,"@PedroRonchi2 Que coment√°rio porco. √â tanta falta de argumento que precisa ficar espancando a verdade constantemente. V√° fazer oposi√ß√£o s√©ria e adulta, o Brasil precisa. √â por essas que o Bolsonaro junta multid√µes, pessoas que s√≥ querem um pa√≠s mais justo.",Bolsonaro
2022-08-01 03:44:17+00:00,1553949716047593474,M*TE O bOLsONarO https://t.co/xyWQys4aQO,Bolsonaro
2022-08-01 03:44:16+00:00,1553949711861678080,@marcorossi2012 @jairbolsonaro https://t.co/JJjKApdzpF,Bolsonaro
2022-08-01 03:44:14+00:00,1553949701380112386,"@LulaOficial Que lindo... Apelando para o lado sentimental do pobre. √â preciso apenas emprego para transformar o pa√≠s. N√£o se preocupe, Bolsonaro j√° est√° fazendo isso.
Lembrando que os 480 BI/Ano que temos que gastar com a d√≠vida que o PT contraiu tiraram o leitinho das crian√ßas. Bandido...",Bolsonaro
2022-08-01 03:44:11+00:00,1553949687761313794,@ssoliax @leonaranana @FRaydias2 @auroracadela O Bolsonaro √© diferente de qualquer pol√≠tico.,Bolsonaro
2022-08-01 03:44:11+00:00,1553949687576756224,@FlavioBolsonaro @jairbolsonaro Sabemos mesmo. Por isso vamos devolver seu pai e toda sua corja para o esgoto em 02 de outubro https://t.co/BBqiPtR0U8,Bolsonaro
2022-08-01 03:44:08+00:00,1553949677837586433,@salimmattarbr Bolsonaro √© o presidente mais esquerdista que o Brasil j√° teve,Bolsonaro
2022-08-01 03:44:04+00:00,1553949659462254592,"@jairbolsonaro isso n√£o √© corrup√ß√£o?

O beco de Lira https://t.co/p5WFJ0KOyt",Bolsonaro
2022-08-01 03:44:03+00:00,1553949653829304322,@JMB22222 @MarcelodeMarco2 @GgmAndrews @suzanatoop @mtcosmo1 @LyrioRejane @RE_BOLSONARO @RejaneBP38 @Mrlyrio @marciosun @Marcos_11_66 @Vequione @Guimaraes2409 @DanielD43775460 @DanielG24742446 @daniellecosta73 @Danfurq @DanielPheleg @DanielRosenman3 @DanjelBigHouse @s02199006_stock @OVigilante11 @DeolindaLucena @Volneylimavcl @JB22BRASIL üëç,Bolsonaro
2022-08-01 03:43:59+00:00,1553949636917956613,"Certa sim. Inclusive por que Lula estava bem na frente de bolsonaro, nas pesquisas. https://t.co/FQjqYQPAWo",Bolsonaro
2022-08-01 03:43:57+00:00,1553949629963812864,@marcorossi2012 @jairbolsonaro https://t.co/VZhOb3qJ6Z,Bolsonaro
2022-08-01 03:43:56+00:00,1553949627069743104,"@xicosa @UOLNoticias Brasil bate recorde de empregos. Obrigado, Bolsonaro.",Bolsonaro
2022-08-01 03:43:49+00:00,1553949597034242049,"Silvio Santos enviou seu representante ontem no evento do Tarc√≠sio + Bolsonaro. 
üé∏ ü§ò https://t.co/D1MIp2whyk",Bolsonaro
2022-08-01 03:43:49+00:00,1553949594744225792,@RDeway VOCES VERAO HORA QUE BOLSONARO PERDER ESSES MESMOS PASTORES OURIUNDOGOLD VAO DIZER E QUE DEUS NAO QUIZ MAIS O MESMO . KK E SEMPRE ASSIM FALTA DE FE SE DA ERRADO MESMO GOLPE COM OS COITADOS DOS SEQUIDORES,Bolsonaro
2022-08-01 03:43:44+00:00,1553949575668432896,@hstlawt @khairstyls @hespnning @ipornstyles @phkrry vc errou uma palavra e vem com essa meu deus do c√©u me ajude bolsonaro fa√ßa algooooo,Bolsonaro
2022-08-01 03:43:43+00:00,1553949573093228544,"@JeffersonBizer3 @Rconstantino Estamos juntos novamente presidente Bolsonaro.
Para REELEGER JAIR MESSIAS BOLSONARO 22 PARA salvar o nosso Brasil.
Deus est√° no comando sempre ao seu lado presidente Bolsonaro.
Vamos juntos todos n√≥s brasileiros de bem deste pa√≠s as urnas votar em 22 üëçüáßüá∑üáßüá∑üáßüá∑üáßüá∑üáßüá∑üáßüá∑üáßüá∑",Bolsonaro
2022-08-01 03:43:42+00:00,1553949566055202817,@eupelu Quem Mora no Brasil sabe muito bem em quem N√ÉO Votar! Bolsonaro fez e faz pelo Brasil e jamais permitiremos que Lula volte ao Poder! Bolsonaro fez muitas coisas boas e importantes por este pa√≠s. Contra fatos n√£o h√° argumentos! https://t.co/y1ImONnQEk,Bolsonaro
2022-08-01 03:43:41+00:00,1553949564650110976,@SF_Moro Bolsonaro reeleito.üî•üî•üî•,Bolsonaro
2022-08-01 03:43:40+00:00,1553949560791236608,@Randomguy1610 @tr3vola @barmontgames @siteptbr Gays com Bolsonaro esse ai,Bolsonaro
2022-08-01 03:43:35+00:00,1553949535977836545,"@basiliofdp @leonaranana @FRaydias2 @auroracadela e se fosse um cara que s√≥ falasse de bolsonaro, blz insuport√°vel msm mas ele nem comenta sobre isso.",Bolsonaro
2022-08-01 03:43:28+00:00,1553949510228926464,@paulovro_ prefiro ser o bolsonaro que o pa (pai ausente),Bolsonaro
2022-08-01 03:43:27+00:00,1553949503186767872,@miriamleitao Estudo indica tamb√©m que algumas pessoas n√£o s√£o capazes de enxergar nada e outras capazes ver tudo. üáßüá∑üáßüá∑üáßüá∑üáßüá∑Bolsonaro 22üáßüá∑üáßüá∑üáßüá∑,Bolsonaro
2022-08-01 03:43:24+00:00,1553949490557734912,@jairbolsonaro Vit√≥ria senhor vai ser 1 turno deus quer brasileiro merece üôèüôèüôèüôèüôèüôèüôèüôèüôè proletariado do atraso na√ß√£o entra onda Argentina se altodestruir n√£o adianta cara raivosos esquerdopatas ficar ataques g√™nero fal√°cia vagabundo gosta proletariado n√£o gosta de investimento gosta teta,Bolsonaro
2022-08-01 03:43:08+00:00,1553949423377457152,"@CarlaZambelli38 @jairbolsonaro N√£o tenho ideia do que foi falado para a jogadora da sele√ß√£o brasileira,  mas n√£o a deixaram usar a nossa bandeira no momento da comemora√ß√£o do t√≠tulo.
https://t.co/at0jUxnmlb",Bolsonaro
2022-08-01 03:43:05+00:00,1553949412828893186,"@PauloO2t @jairbolsonaro Ent√£o, eu quero ver a conta.
O governo Bolsonaro n√£o tem o h√°bito de ser transparente.
Temos direito a informa√ß√£o.",Bolsonaro
2022-08-01 03:43:01+00:00,1553949395082682368,N√£o d√°! O Lula √© o maior propagandista de Bolsonaro! √â s√≥ ele abrir a boca que convence qq um a votar em Bolsonaro! Ele gasta dinheiro a nosso favor! Lula fala e fica f√°cil demais escolher Bolsonaro p presidente em 2022! https://t.co/Ae3tu0m2tu,Bolsonaro
2022-08-01 03:42:58+00:00,1553949384072724480,@FlavioBolsonaro @jairbolsonaro Que cara de pau. Genocida de merrda,Bolsonaro
2022-08-01 03:42:52+00:00,1553949359573721088,@tucaperuca @LulaOficial @ricardostuckert Lula sera eleito no primeiro turno algo rar√≠ssimo por isso somente ele pode derrotar Bolsonaro,Bolsonaro
2022-08-01 03:42:51+00:00,1553949354901356545,"@cirogomes Bora deixar morrer de fome!!! Fica em casa lembra? Agora a conta chegou, mas o PRESIDENTE BOLSONARO AVISOU DESDE O IN√çCIO",Bolsonaro
2022-08-01 03:42:43+00:00,1553949320281464834,"@PadraoAlexandre @jairbolsonaro Agrade√ßo  e oro  todos, os dias.",Bolsonaro
2022-08-01 03:42:41+00:00,1553949310471094272,Vida longa ao Presidente JAIR MESSIAS BOLSONARO. üôèüèªüôèüèªüôåüèªüôåüèª https://t.co/wMiccR1avN,Bolsonaro
2022-08-01 03:42:41+00:00,1553949310403887104,"@RomeuZema Zema, faz como em 2018, abre logo seu voto no Bolsonaro

o candidato do partido Novo n√£o tem chances e o mundo sabe disso, inclusive ele

seja esperto e pense no pa√≠s",Bolsonaro
2022-08-01 03:42:38+00:00,1553949299519758336,"Falem o que quiser dos candidatos √† presid√™ncia, mas #CiroGomes est√° dando um baile de orat√≥ria e propostas. Ele bem que merecia uma chance. Bateu tanto em #Lula e #Bolsonaro que, creio que ele se esfor√ßaria muito para acertar.",Bolsonaro
2022-08-01 03:42:36+00:00,1553949290996764673,@jairbolsonaro Resolveu todos os problemas do Brasil com essa. O pessoal da fila do osso saiu da fila e est√° se abra√ßando na rua agora.,Bolsonaro
2022-08-01 03:42:35+00:00,1553949286391488512,"@rodrigogarcia_ Brincadeira de advinha√ß√£o:

Qual foi o GOVERNO que fechou o Estado de S√£o Paulo, destruiu a economia do Estado, aumentou impostos e exterminou milh√µes de empregos?

(   ) Governo Jo√£o D√≥ria e Rodrigo Garcia
(   ) Governo Bolsonaro
(   ) Governo da Marvel

https://t.co/dfac5WJ3Eb",Bolsonaro
2022-08-01 03:42:33+00:00,1553949278573297675,"@BarbaraEsquerda @spfcpicss Quando o Bolsonaro foi reeleito, a√≠ tu enfia o dedo no cu e chora",Bolsonaro
2022-08-01 03:42:28+00:00,1553949255114657792,Quem ser√° o global q passar√° a vergonha de anunciar a reelei√ß√£o do melhor presidente do brasil? Jair bolsonaro,Bolsonaro
2022-08-01 03:42:23+00:00,1553949236013719552,@senadorhumberto Bolsonaro n√£o construiu nada? https://t.co/2NQ0dj9tBI,Bolsonaro
2022-08-01 03:42:21+00:00,1553949227788689408,"√â o Presidente de todo povo brasileiro. N√£o discrimina ningu√©m. 
Orgulho do Presidente @jairbolsonaro https://t.co/e94SSPHHNt",Bolsonaro
2022-08-01 03:42:15+00:00,1553949202031468546,gente a sombra dessa foto do Bolsonaro t√° mt sus..... https://t.co/O3CnF7QhHq,Bolsonaro
2022-08-01 03:42:11+00:00,1553949184302145536,"O Presidente Bolsonaro √© o melhor Presidente de todos os tempos, pois enfrentou uma facada, uma pandemia, uma guerra, pseudoministros do 5TF e a m√≠dia lixo. O interessante √© q, com tudo isso, o Brasil se saiu muito bem de toda essa situa√ß√£o em compara√ß√£o com o resto do mundo.",Bolsonaro
2022-08-01 03:42:10+00:00,1553949181043154944,"@LulaOficial Plano de governo muito vago com muitas palavras e que n√£o dizem nada. Apenas mais do mesmo. Meu voto seria nulo, mas pelo jeito vai ter que ser bolsonaro mesmo. PT vai manter os pobres na pobreza e assim garantir seu lugar no poder, distribuindo ""bondades"".",Bolsonaro
2022-08-01 03:42:10+00:00,1553949180808290304,"@lybrjack Bolsonaro, mamar as tetas do estado tirou ele e a fam√≠lia inteira da pobreza.",Bolsonaro
2022-08-01 03:42:09+00:00,1553949178249854976,@DeboraRetzlaff @FlavioBolsonaro @tarcisiogdf @jairbolsonaro Jumenta.,Bolsonaro
2022-08-01 03:42:04+00:00,1553949156649181184,"@RomeuZema B√£o demais,Zema...üëè

Gradicido, Bolsonaro!!
üëèüáßüá∑",Bolsonaro
2022-08-01 03:41:59+00:00,1553949134247313410,"O PA ainda apoia o bolsonaro
O tonto teve sua bolsa atleta retirada pelo governo Bolsonaro e mesmo assim ainda  apoia o vagabundo.
#ForaBolsonaro https://t.co/auJmpQA5Bd",Bolsonaro
2022-08-01 03:41:55+00:00,1553949119441518595,@jairbolsonaro https://t.co/7V5UeMlx60,Bolsonaro
2022-08-01 03:41:52+00:00,1553949107483451393,@FlavioBolsonaro @jairbolsonaro https://t.co/Ywxk8slIXw,Bolsonaro
2022-08-01 03:41:49+00:00,1553949094489559041,@castoron112 @WallStreetSilv Brazil learned with President Bolsonaro.,Bolsonaro
2022-08-01 03:41:47+00:00,1553949083420790786,"@DaysePirralha @jairbolsonaro Qu√™ tal come√ßar, TRABALHANDO??
S√ì passa fome quem quer!vc reclamando do qu√™  LULA N√ÉO TIROU TODOS VCS DA POBREZA??
TRABALHAR √â BOM E NECESS√ÅRIO!!",Bolsonaro
2022-08-01 03:41:45+00:00,1553949078622539776,"@viniciusaithsp @tarcisiogdf @jairbolsonaro Minha irm√£ e sobrinhos s√£o de porto feliz, podemos te ajudar ok.",Bolsonaro
2022-08-01 03:41:39+00:00,1553949049568612353,"@SolMarTerr @alertatotal @LulaOficial @jairbolsonaro @cirogomes Manda o Alckimin defender o Luladr√£o.  Kkkkkkkkkkkkk (13 vezes).
#BolsonaroReeleito2022 
#LulaLadraoSeuLugarENaPrisao",Bolsonaro
2022-08-01 03:41:38+00:00,1553949046573867008,"@rodrigogarcia_ O PSDB governa S√£o Paulo faz 30 anos ( trinta anos) e n√£o tiveram tempo de organizar o Estado? Querem mais tempo , √© isso mesmo?
Tenho um enorme arrependimento de ter votado no PSDB.
Passagem comprada para votar no Tarc√≠sio e claro, Salles, Pontes e Bolsonaro.",Bolsonaro
2022-08-01 03:41:37+00:00,1553949043859939328,@saranrrc @auroracadela E em qual momento eu disse que essa foto √© de 2022 e que bolsonaro era presidente?! kkkk,Bolsonaro
2022-08-01 03:41:36+00:00,1553949039489581058,@FlavioBolsonaro @jairbolsonaro Bolsonaro √© um genocida e voc√™ √© um bosta. #ForaBolsonaroeSuaQuadrilha,Bolsonaro
2022-08-01 03:41:30+00:00,1553949013606633472,"bolsonaro √© norte, bolsonaro √© nordeste üé∂",Bolsonaro
2022-08-01 03:41:30+00:00,1553949013031911424,"@glakido32 @Ilannacaos @camycomentts s√©rio que NOJO de voc√™s defendendo algu√©m que apoia um presidente t√£o NOJENTO como o bolsonaro. que apoia as ideologias homofobicas e perturbadoras dele, dando a desculpa de que √© uma democracia. espero que voc√™s n√£o tenham mais de 16 anos, bolsominions rid√≠culos",Bolsonaro
2022-08-01 03:41:28+00:00,1553949005041860608,"Agora na @RedeTV uma verdadeira propaganda pol√≠tica pr√≥ Bolsonaro, sobre a ""soberania amaz√¥nica"". Repleta de informa√ß√µes controversas, com fontes direcionadas e sem embasamento. N√£o √© jornalismo, j√° que n√£o apresenta vers√µes (as partes) do fato. Vergonhoso.",Bolsonaro
2022-08-01 03:41:26+00:00,1553948995160084481,@jairbolsonaro Isso ai Predidente...,Bolsonaro
2022-08-01 03:41:24+00:00,1553948987207606273,@sormany15 @ZAMENZA E quem t√° falando de Bolsonaro aqui?,Bolsonaro
2022-08-01 03:41:23+00:00,1553948985013960706,"#CanalTvF√≥rumüáßüá∑üáßüá∑üëáüëá
Marcos Coimbra: ‚ÄúSem ilus√µes, Bolsonaro vai com seus 30% at√© o fim‚Äù https://t.co/V7fcB3nPgZ via @YouTube",Bolsonaro
2022-08-01 03:41:21+00:00,1553948974570250241,@mrcfoz @tatianamandelli @jairbolsonaro Ent√£o seria o aumento da redu√ß√£o. Teu presidente nem escrever sabe e a gente que tem que pelejar pra interpretar.,Bolsonaro
2022-08-01 03:41:19+00:00,1553948966080888838,"@reeck_ @sandro_bin_ich @antoniotabet O nosso petr√≥leo era refinado aqui e vendido em reais, a gasolina a R$2,80 e o diesel R$2,50.
Bolsonaro vendeu refinarias e BR Distribuidora. P/agradar acionistas estrangeiros atrelou tudo ao d√≥lar. Passou a exportar oleo cru e importar refinados. Bom, agora virou isso.",Bolsonaro
2022-08-01 03:41:17+00:00,1553948961064583168,tamo junto bolsonaro 100% brasil,Bolsonaro
2022-08-01 03:41:11+00:00,1553948935676379137,"‚ÄúN√£o vamos deixar que as ruas sejam tomadas pelos fascistas‚Äù, Vagner Freitas, da CUT
Centrais e entidades dos movimentos populares est√£o sendo organizados em todo o pa√≠s como resposta √† ofensiva golpista de Bolsonaro 
https://t.co/yGocCwcFB4",Bolsonaro
2022-08-01 03:41:05+00:00,1553948910800015361,"Por isso a import√¢ncia de alem de votar no Pr Bolsonaro temos q ter uma base forte e confian√ßa, nao podemos esquecer disso galera",Bolsonaro
2022-08-01 03:41:01+00:00,1553948893498449921,@TercioArnaud Lula ex presidi√°rio e Alckmin que agora √© c√∫mplice pra voltar a cena do crime s√£o a melhor propaganda para a direita e Bolsonaro! #PTNuncaMais,Bolsonaro
2022-08-01 03:40:59+00:00,1553948883113443330,@renancalheiros Bolsonaro 2022üáßüá∑üáßüá∑üáßüá∑üáßüá∑,Bolsonaro
2022-08-01 03:40:54+00:00,1553948863316344832,Trstando... Bolsonaro s√≥ n√£o ganha se as elei√ß√µes forem fraudadas. https://t.co/ys0gDiTeHm,Bolsonaro
2022-08-01 03:40:52+00:00,1553948854478929920,"@RomeuZema Governador meu voto √© teu, qnd vc vai declarar seu voto em Bolsonaro?",Bolsonaro
2022-08-01 03:40:51+00:00,1553948849663889408,@kimpaim @monark O que o bolsonaro fez a favor da liberdade? S√≥ bravatas.,Bolsonaro
2022-08-01 03:40:50+00:00,1553948847554142208,@LUIZPATRIOTA39 A capa: Bolsonaro faz Lula ganhar a elei√ß√£o.,Bolsonaro
2022-08-01 03:40:43+00:00,1553948814670708737,"@brennocorrea @ifitsinyou @alvaroborba Que? Qual a l√≥gica disso? Ciro t√° insistindo numa candidatura falida que t√° travada nos 7% h√° 6 meses, que se abrisse m√£o esses 7% em grande maioria iriam para Lula e garantiriam que Bolsonaro perdesse j√° no 1¬∞ turno, e √© o √Ålvaro que t√° fazendo campanha pro Bolsonaro? Pqp...",Bolsonaro
2022-08-01 03:40:39+00:00,1553948801139892224,"@larissasssz nem todos, t√¥ come√ßando achar que sou o √∫nico homem de 1,85 qie odeia machismo e bolsonaro kk todo dia eu janto assistindo bbb ( a janta de centavos hehe ü•∞)",Bolsonaro
2022-08-01 03:40:39+00:00,1553948799202197506,O sumi√ßo de Eduardo e Carlos Bolsonaro ‚Ä¶ est√£o procurando  https://t.co/QWU7T5DSD3,Bolsonaro
2022-08-01 03:40:38+00:00,1553948797205708800,"@FeBraPa @brom_elisa @Rconstantino Exato. Melhor argumento, por isso bolsonaro nunca mais ganhar√° nada politicamente",Bolsonaro
2022-08-01 03:40:38+00:00,1553948794340970496,"Jung hoseok cantando Jack in the box e Hope World simplesmente muito melhor que drogas e antidepressivos, curou minha depress√£o, fez chover no deserto, abriu portas fechadas, arranjou emprego pros brasileiros, tirou o Bolsonaro da presid√™ncia e ainda me fez chorar.",Bolsonaro
2022-08-01 03:40:37+00:00,1553948792835260419,"@CezarDireitaBR @AbrahamWeint Vc consegue apontar a ‚Äútrai√ß√£o ‚Äú dos Weintraubs? √â s√≥ dizer - estamos esperando ha meses!
Vc quer que eu liste as trai√ß√µes do mi-t√¥?
Eu j√° fiz isso (basta ver meus tweets) e afirmo que Bolsonaro √© um estelionat√°rio eleitoral, traidor de apoiadores de 1a hora bem como do povao!",Bolsonaro
2022-08-01 03:40:32+00:00,1553948770785796096,Bolsonaro √© o verdadeiro presidente para o nosso pa√≠s,Bolsonaro
2022-08-01 03:40:21+00:00,1553948725973745664,@jairbolsonaro üôèüôèüôèüôèüôè com voc√™ vamos ressuscitar o Brasil,Bolsonaro
2022-08-01 03:40:15+00:00,1553948699981537280,"Well said Bolsonaro ü•Ç  Give Up Your Yacht Before Lecturing"": Bolsonaro Sinks DiCaprio In Titanic Twitter Thread https://t.co/dcSidEVVCi",Bolsonaro
2022-08-01 03:40:11+00:00,1553948684395728897,"@GamaAilson @CarlaZambelli38 @jairbolsonaro Ent√£o precisamos cobrar de todos os presidentes do mundo inteiro. Pois todo mundo fez lockdown . E vc est√° vivo gra√ßas a isso, por√©m todos os pa√≠ses governaram bem e correram para vacinar o mais r√°pido poss√≠vel a popula√ß√£o. Mas aqui, era cloroquina enquanto as pessoas morriam. https://t.co/zkVTR5O9ge",Bolsonaro
2022-08-01 03:40:09+00:00,1553948675822555137,"@Rconstantino E verdade mesmo Costantini.
E uma vergonha o que essa m√≠dia imunda Globo Band e essa esquerdalhia faz com o nosso presidente Bolsonaro.
Mais Deus tarde mais n√£o falha.
Eu como pessoa que sou tenho d√≥ do nosso presidente Bolsonaro com tanta maldade.
Mais Deus est√° no comando dele",Bolsonaro
2022-08-01 03:40:09+00:00,1553948673804947457,@erlan_bastos Voto nulo ou branco jamais. Vou de Bolsonaro.,Bolsonaro
2022-08-01 03:40:04+00:00,1553948651877195777,@CarlosA47882372 @PedroAurlioPac1 @luccasanitto Ent√£o com a sua magn√≠fica intelig√™ncia achou que Bolsonaro conseguiria mudar toda doutrina√ß√£o de professores que adoram bandidos?,Bolsonaro
2022-08-01 03:40:02+00:00,1553948645539680257,@85aob @Luiz8110 @SilvaDuana @jairbolsonaro jura mesmo que vc veio com esse papinho de esperar cair do c√©u?,Bolsonaro
2022-08-01 03:40:02+00:00,1553948644671356928,"@Jhonattan13_13 @rafsfab @LaMaestrini @MarinaSilva E se tu achasse que essa √© mesma a elei√ß√£o mais dificil da historia, tava pelo menos cobrando do Lula um unico pedido de impeachment assinado por ele contra o Bolsonaro.

Mas a gente sabe que a turma de vcs e dos bolsominions s√£o identicas. Sem nenhum carater ou coerencia. https://t.co/k69entCdKg",Bolsonaro
2022-08-01 03:47:20+00:00,1553950483198496768,"Os C√öMPLICES daquele Ano que assinaram o tal Pacto com o Capiroto Cramulhao ( George Soros ) 
FHC ( Fernando Henrique Cardoso ) O Cangaceiro ( Ciro Gomes ) ( #LulaMoluscoNineFingerThief ) assistam o v√≠deo at√© o final ü§°üíâüö®üëáüèΩüëáüèΩüëáüèΩ https://t.co/UNgHgcLqEZ https://t.co/VlE7zvLaMP",Ciro Gomes
2022-08-01 03:47:04+00:00,1553950413614899206,Foda que eu penso em ler o livro do ciro s√≥ pra ver se tem projeto ali mesmo ou se s√£o s√≥ Del√≠rios de um Velho Louco,Ciro Gomes
2022-08-01 03:46:59+00:00,1553950392806940674,@nogwinn A pior coisa at√© o pr√≥ximo domingo do Ciro,Ciro Gomes
2022-08-01 03:46:55+00:00,1553950377195749380,"Rafael desafia Bolsonaro e Ciro a deixar de ""ser frouxos"" e mudar pol√≠tica da Petrobras https://t.co/huB1aDsthS #conectavoc√™aomundo #pihoje #PortalPiau√≠Hoje #teresina https://t.co/LccjGocaNx",Ciro Gomes
2022-08-01 03:46:37+00:00,1553950302994309120,"LULA X CIRO GOMES.

GRA√áAS A BRIGA DOS DOIS O BRASIL CONHECE MUITO MAIS DOS ESQUEMAS DOS PTRALHAS.

A VERDADE APARECENDO POR QUEM CONHECE A FORMA DE TRABALHO DOS PTRALHAS. https://t.co/XUn6rfaqxN",Ciro Gomes
2022-08-01 03:46:00+00:00,1553950145485611010,NOTICIA DE √öLTIMA HORA!!! Miren uds al muy democr√°tico partido de @lopezobrador_  LA INFAMIA Y LA MAFIA SE ASOCIARON!!! @lopezdoriga @CiroGomezL https://t.co/oA0PX4SX9v,Ciro Gomes
2022-08-01 03:45:35+00:00,1553950042867761155,"@LauraBruges @INEMexico Has de ser pupila de @CiroGomezL o de @azucenau hasta transpira odio todo ese medio de desinformaci√≥n.
#OposicionTotalmenteDerrotada #OposicionGolpista",Ciro Gomes
2022-08-01 03:45:21+00:00,1553949983841329152,"S√≥ uma corre√ß√£o: Ciro n√£o √© pr√© candidato. O PDT J√Å OFICIALIZOU SUA CANDIDATURA. N√ÉO SER√Å RETIRADA. J√Å EST√Å CONFIRMADA. 
√â CIRO 12.
#CiroPresidente12 
√önica VIA. https://t.co/cwk7DPnBOU",Ciro Gomes
2022-08-01 03:45:09+00:00,1553949931794219008,@cirogomes @CartunistaT A realidade √© somente uma: Ciro Gomes √© um ningu√©m na politica nacional e nao tem condi√ß√µes de governar nem o proprio estado dele atualmente. Mas ta legal dar risada com a insignificancia deste senil.,Ciro Gomes
2022-08-01 03:44:55+00:00,1553949872079904769,"Q feo tener q ir a la esc ma√±ana, pero si todo sale bien me voy en noviembre con Ciro ü§ç",Ciro Gomes
2022-08-01 03:44:05+00:00,1553949663795073027,Ciro Gomes √© hoje o que sobrou do antipetismo !,Ciro Gomes
2022-08-01 03:43:52+00:00,1553949607637434368,"@chega_de_papo13 @marciofrancasp Ah sim, como nos livros, Ciro tem 4 escritos! Segue l√°: #PND",Ciro Gomes
2022-08-01 03:43:51+00:00,1553949604772724736,@cicerovsampaio @cirogomes @CartunistaT Legal que o Ciro tem seu pr√≥prio carluxo.,Ciro Gomes
2022-08-01 03:43:42+00:00,1553949568592658432,o cara me respondeu com uma fake absurda sobre o Ciro e a Patricia Pillar e me bloqueou. https://t.co/QHNt1KEywp,Ciro Gomes
2022-08-01 03:43:40+00:00,1553949558337671168,@oHipeoHop @Evil_The_ @jagutheil ainda vou presentar ela com o livro do ciro,Ciro Gomes
2022-08-01 03:43:20+00:00,1553949473105215488,"@BrasilDemocraci @CarlosBolsonaro @Endireita_FOR @ciro_nogueira Or√ßamento secreto ? √© n√©... que sai em di√°rio oficial, √© votado, t√° cheio de pol√≠ticos da oposi√ß√£o participando. Ah cara, v√° aprender como √© o Or√ßamento da Uni√£o e sobre emendas parlamentares, se n√£o quiser v√° a PQP ent√£o",Ciro Gomes
2022-08-01 03:43:16+00:00,1553949459104628736,"@exjogadorcaro Falaram mito, Gui***, Ciro ?",Ciro Gomes
2022-08-01 03:42:55+00:00,1553949371846103040,@epigmenioibarra Usted anda cerca de Ciro el chiste se cuenta solo üòÇ,Ciro Gomes
2022-08-01 03:42:20+00:00,1553949222453608448,@tabataamaralsp Voc√™ √© uma vergonha.O Ciro te elegeu e √© assim que vc retribui.. me d√° asco ter votado em vc,Ciro Gomes
2022-08-01 03:42:19+00:00,1553949220381642755,@toalhadoCiro Logo ser√° considerado mais um infiltrado petista respons√°vel pela derrota do Ciro,Ciro Gomes
2022-08-01 03:41:38+00:00,1553949045386874881,"@davidluhnow el g√ºalestrit siendo el g√ºalestrit, intentando golpear al gran Presidente @LopezObrador_ con mentiras, verdades a medias y mal an√°lisis.

La Reforma al INE Va!!!!! (y no es desaparecerlo, l√©anla)

Fuera lencho y ciro ya!!! es una eternidad que se vayan hasta el pr√≥ximo a√±o",Ciro Gomes
2022-08-01 03:41:34+00:00,1553949031352729601,@folha Ja avisaram ao @ciro_nogueira que √© par ele parar de falar errado ?,Ciro Gomes
2022-08-01 03:41:04+00:00,1553948902633750528,@eltonldd @cirogomes @CartunistaT Meu c√©us. Ciro est√° acabado. S√≥ o baga√ßo...,Ciro Gomes
2022-08-01 03:40:43+00:00,1553948814670708737,"@brennocorrea @ifitsinyou @alvaroborba Que? Qual a l√≥gica disso? Ciro t√° insistindo numa candidatura falida que t√° travada nos 7% h√° 6 meses, que se abrisse m√£o esses 7% em grande maioria iriam para Lula e garantiriam que Bolsonaro perdesse j√° no 1¬∞ turno, e √© o √Ålvaro que t√° fazendo campanha pro Bolsonaro? Pqp...",Ciro Gomes
2022-08-01 03:40:15+00:00,1553948697729372161,@ciro_cavs18 @LauriPintos escribi como la mierda pero fue se entendio,Ciro Gomes
2022-08-01 03:39:48+00:00,1553948586697703424,@77_frota √â Ciro ou nulo!,Ciro Gomes
2022-08-01 03:39:32+00:00,1553948519739711489,@Cirojas007 Aprendete la canci√≥n ciro,Ciro Gomes
2022-08-01 03:38:24+00:00,1553948233503633408,@ciro_cavs18 @LauriPintos flaco te contra banco asi de facil.,Ciro Gomes
2022-08-01 03:38:11+00:00,1553948178910691328,"@brasil247 A esquerda cada dia mais confusa...
Lula se alia ao Alckmin (vice-versa);
Kallil se alia a Lula em MG (vice-versa);
Ciro Gomes se alia a A√©cio em MG (vice-versa);
Vamos aguardar os pr√≥ximos cen√°rios e alian√ßas... mas est√° bem engra√ßado! kkkk...",Ciro Gomes
2022-08-01 03:38:08+00:00,1553948168454393856,"@epigmenioibarra @CiroGomezL @Radio_Formula Es v√°lido , un buen ejercicio de debate y contra debate , ojal√° le dieran oportunidad a otra persona que expusiera a contra propuesta y escuchar los dos argumentos",Ciro Gomes
2022-08-01 03:38:02+00:00,1553948140344066048,"@PNDprogressista @Stxy50 @OGloboPolitica Eduardo Cunha, Ciro Nogueira, Collor, Guilherme de P√°dua...",Ciro Gomes
2022-08-01 03:37:42+00:00,1553948058496356352,@ciro_cavs18 @nacionalesvida https://t.co/iJgF3LygCM,Ciro Gomes
2022-08-01 03:37:19+00:00,1553947961205428225,"por um momento eu achei que quem faz esses desenhos escrotos do ciro √© o cartunista que pensa, ali√°s algu√©m lembra do cartunista que pensa?",Ciro Gomes
2022-08-01 03:37:17+00:00,1553947951826886657,@lumant04 @EddaSouza @ClaudClaudenei @ptbrasil Ciro bate no Lula=Ciro atrav√©s das suas cr√≠ticas mostra as contradi√ß√µes dos 14 anos do PT no poder.,Ciro Gomes
2022-08-01 03:37:10+00:00,1553947921967628288,"@hosus_ @FGuerreiroMEP @LulaOficial O problema √© o exagero. Ciro deveria andar mesmo, mas s√≥ na campanha. Seu mito se for peidar na esquina vai de jatinho da Prevent s√™nior.",Ciro Gomes
2022-08-01 03:36:57+00:00,1553947870654566400,"Rafael desafia Bolsonaro e Ciro a deixar de ""ser frouxos"" e mudar pol√≠tica da Petrobras https://t.co/Hr2M6OL4Jk",Ciro Gomes
2022-08-01 03:36:49+00:00,1553947835845947392,@Ciro_w3 KKKLKK,Ciro Gomes
2022-08-01 03:36:16+00:00,1553947697681408001,"@brealt se usasse 10% das postagens que faz relacionado a Ciro para questionar Lula sobre as propostas de como vai fazer, creio que ajudaria bastante o nosso pa√≠s.",Ciro Gomes
2022-08-01 03:36:13+00:00,1553947683542519812,"@desmentindobozo @ciro_nogueira Pois √©, essa an√°lise sobre o bolsoasno t√° perfeita, pare√°veis q at√© 2018 os pol√≠ticos eram mais honestos nas suas an√°lises sobre os demais postulantes √† presid√™ncia! N√£o v√™ o Alckmin! https://t.co/6eb0MF8s4K",Ciro Gomes
2022-08-01 03:35:40+00:00,1553947544362913793,"Son 8 trabajadores los que est√°n a mi cargo.
Y prefer√≠ gastarme mi ahorrado antes que dar esos votos a estos Changos.
Solo le pido a dios que por favor ya no me castigue y nos de trabajo.
Por que a la otra no cre√≥ aguantar.
FUERZA Y COMO DICE EL SR CIRO
ANIMO!!!!",Ciro Gomes
2022-08-01 03:35:28+00:00,1553947496396820480,@CiroGomezL @lopezobrador_ @m_ebrard Morena es un partido cangrejo y es muy habitual observar ese tipo de pr√°cticas b√©licas entre ellos . El problema aqu√≠ es que @mario_delgado est√° mordiendo la mano que le dio de comer por mucho tiempo ( @m_ebrard ).,Ciro Gomes
2022-08-01 03:34:34+00:00,1553947267454976001,"@Mille_Soares00 anula o que fica em cima do muro, Ciro Gomes n√£o merece ser op√ß√£o jkkkkk",Ciro Gomes
2022-08-01 03:34:05+00:00,1553947145329266688,@ramallo_ciro12 CIRO VALENTIN ZAPALLO COMO ME PODES EXHIBIR DE ESTA MANERA,Ciro Gomes
2022-08-01 03:33:49+00:00,1553947081139785728,"Eleitores de Ciro, Tebet e Janones t√™m Lula como segunda op√ß√£o de voto, diz Datafolha
Lula bate Bolsonaro como segunda op√ß√£o entre os eleitores de todos os candidatos da chamada terceira via.",Ciro Gomes
2022-08-01 03:33:35+00:00,1553947022570541056,@Evil_The_ @osrjacinto @jagutheil A gente vai fazer performances das anima√ß√µes do ciro at√© voc√™ deixar entrar,Ciro Gomes
2022-08-01 03:33:11+00:00,1553946920342757388,"@rennatodutra Todo mundo aqui sabe que sou f√£ do Ciro Gomes e defensora do PND. Mas depois que vi o Lula em Fortaleza, mudei o meu voto, pois achei o Lula mais preparado para enfrentar a terra arrasada que o miliciano vai deixar!",Ciro Gomes
2022-08-01 03:32:33+00:00,1553946761156337666,"@CiroDi @INEMexico @iecm No tengo palabras, Ciroü§ê",Ciro Gomes
2022-08-01 03:32:07+00:00,1553946652783902720,"PP, de Ciro Nogueira, entra na Justi√ßa Eleitoral no Piau√≠ para impedir imagem de candidatos com Bolsonaro
 https://t.co/t6EYeXBHG0",Ciro Gomes
2022-08-01 03:31:53+00:00,1553946594084536323,"""Ciro Nogueira infla preju√≠zo dos bancos e engana ao dizer que Bolsonaro criou Pix"" por @aosfatos 
https://t.co/6ehKeHS02k",Ciro Gomes
2022-08-01 03:31:32+00:00,1553946506717274115,@l_nota_fa_l @xicograziano @LulaOficial Explica o Ciro sou cearense ele n√£o √© o que ele fez com a mulher e depois a @patriciapillar o deixou por falar tanta merda.,Ciro Gomes
2022-08-01 03:31:25+00:00,1553946474773356545,@desmentindobozo N√£o gostou cirinho? @ciro_nogueira conta a√≠ pra gente. üëç,Ciro Gomes
2022-08-01 03:31:21+00:00,1553946460600811526,"@hugossouto @cirogomes @CartunistaT S√≥ o mestre dos magos aka Ciro, consegue.",Ciro Gomes
2022-08-01 03:31:03+00:00,1553946382830080000,"e meu sogro de extrema direita perguntando se eu era bolsonaro ou lula eu fiquei üëÅüëÑüëÅ 
ou ele me ama ou ele me mata 
ai mandei um ‚Äúciro‚Äù",Ciro Gomes
2022-08-01 03:31:02+00:00,1553946377796861953,"@CiroGomezL @lopezobrador_ @m_ebrard ""nadie se deja manipular""...entonces por qu√© tanto chairo?",Ciro Gomes
2022-08-01 03:30:45+00:00,1553946308980789248,lo grande que est√° Ciro üíîü•∫,Ciro Gomes
2022-08-01 03:30:32+00:00,1553946252462723072,"@CiroVidente12 @linpjs @LulaOficial @dilmabr Ciro vc √© uma piada, nervosinho q se for pra briga apanha d QQ um.",Ciro Gomes
2022-08-01 03:30:21+00:00,1553946207835238400,@epigmenioibarra @CiroGomezL Aqui tu movimiento la vieja escuela no se olvida https://t.co/9mXBBY4C9k,Ciro Gomes
2022-08-01 03:29:49+00:00,1553946075467317251,"@ZuleideAtanasio @UOLNoticias √â verdade,  pq o corrupto e Ciro Gomes n√©?
Vai estudar pol√≠tica...",Ciro Gomes
2022-08-01 03:29:48+00:00,1553946067540054018,@epigmenioibarra @CiroGomezL ¬øEst√°s tomando tu medicamento? porque tu distorsi√≥n de realidad est√° cada vez peor. ¬øNo ves elefantes rosas volar?,Ciro Gomes
2022-08-01 03:29:34+00:00,1553946008647770118,"@77_frota O que voc√™ deseja √© que o Ciro quer, tirar o Bolsonaro do segundo turno, para isso trabalha, de um voto de confian√ßa para ele, Lula nunca ganhou no primeiro nem no seu auge, Ciro tem o direito de acreditar que n√£o vencera agora, a sua milit√¢ncia n√£o se motiva com o PT entenda.",Ciro Gomes
2022-08-01 03:29:31+00:00,1553945999479111680,"@MaxPettersonM Avisa a CIRO para ele antecipar a compra da passagem dele,üòÇüòÇüòÇüòÇüòÇüòÇ",Ciro Gomes
2022-08-01 03:29:30+00:00,1553945994299056128,"Eu infelizmente vi 

eu infelizmente vi o v√≠deo do Ciro Gomes fazendo analogia com caverna do drag√£o",Ciro Gomes
2022-08-01 03:29:25+00:00,1553945972610408448,"@cirogomes @CartunistaT E voc√™, Ciro, o que acha que pode fazer diferente? Voc√™ √© igual ou pior que todos. Quando a situa√ß√£o estava explodindo, voc√™ pegou o avi√£o e foi para PARRI‚Ä¶
Deus me livre voc√™ como presidente‚Ä¶",Ciro Gomes
2022-08-01 03:29:08+00:00,1553945900380262401,"@epigmenioibarra @CiroGomezL No importa , como en el beis bol, tambi√©n la √∫ltima entrada tiene tres outs",Ciro Gomes
2022-08-01 03:28:50+00:00,1553945826057195526,"@Vana_FN @rital1n0 @itjoelrs @cirogomes @CartunistaT Mas agora tamb√©m est√° ganha, pelo Lula, e ele continua firme e forte....n√£o adianta procurar desculpas, o Ciro sempre foi isso, basta ver que mudou de v√°rios partidos igaul seu Jair rsss..pq? Se acha bom de mais..",Ciro Gomes
2022-08-01 03:28:49+00:00,1553945823888547840,"@ciro_cavs18 @nacionalesvida Soy del Bolso y de V√©lez, estoy del lado totalmente correcto de la vida",Ciro Gomes
2022-08-01 03:27:52+00:00,1553945583035072512,@ananias_1979 √â sim a maior lideran√ßa do Cear√° s√≥ porque foi dito nessa conven√ß√£o. Qualquer coisa falada nesse evento √© a verdade absoluta e Ciro t√° louco por conta disso. Eita imbecilidade petista kkkkkkkk,Ciro Gomes
2022-08-01 03:27:48+00:00,1553945565054083073,"@cirogomes @CartunistaT When I'm in a
vergonha alheia
competition
and my opponent is
ciro gomes https://t.co/AM0mHhiUeB",Ciro Gomes
2022-08-01 03:27:38+00:00,1553945523010281472,"@unatalie @cirogomes Natalie, n√£o lembrei de te passar antes, mas deixo como sugest√£o a participa√ß√£o do @DMunduruku numa live feita pelo Ciro. √â a partir da minutagem 25:55, mais ou menos:

https://t.co/VfcB1z8KQ7

Tem a √∫ltima (ainda n√£o vi) com o Turra e a Tarin (49:30):

https://t.co/1rqlHdgj96",Ciro Gomes
2022-08-01 03:27:21+00:00,1553945453460422657,"Ent√£o quer dizer que Roberto Jeferson ir√° ser candidato para ajudar o presidente?
N√£o posso acreditar que o Bob ir√° se aliar ao Valdemar e o Ciro Nogueira.",Ciro Gomes
2022-08-01 03:26:21+00:00,1553945199730200576,"Lupi,Ciro e PDT s√£o  cachorros mortos.O q um Partido t√£o tradicional e honroso  aceitou a filia√ß√£o de um fracassado?.Esse Lupi tem que deixar o  Partido j√°. https://t.co/B1aoeaEY6u",Ciro Gomes
2022-08-01 03:26:19+00:00,1553945194332053505,"Finalmente saiu a Toalha do Ciro Gomes!
@lula13133
@Sgt_Pimenta4
@Mano1Ju
@mmarescast
@Mano1Ju
@Canhoto
@hilde_ange
@ThiagoResiste
@ZBombazar
@DilmaDebochada_
@DilmaeFICA
@DilmaResiste
@sequeira_kg
@cmsclaudio
@edusilvafogo
@EduMasterPE1
@ComiteVirtual13
@CPL_Nossa_Voz
@luta_lula https://t.co/bfidsBO4Ig https://t.co/YRnAe64QLE",Ciro Gomes
2022-08-01 03:26:18+00:00,1553945187403046913,@Viniciusmlg @pegtheoldmoney @esterAl79649432 @MarcelleBolive1 @eumaraka @lazarorosa25 vai nessa de votar no ciro que vamos retroceder do jeitinho que foi as elei√ß√µes de 2018 :),Ciro Gomes
2022-08-01 03:26:17+00:00,1553945186002149380,"@teaminbusiness @cirogomes @Haddad_Fernando @MarinaSilva @DMunduruku @psol_ricardo @m_maisdireitos Eu voto em quem eu gosto e acredito, n√£o importa o partido. Ciro √© o melhor candidato a presid√™ncia. Gosto muito do Haddad e de suas ideias. Ambas as candidaturas a estadual s√£o vereadores da regi√£o onde moro ent√£o confio 100%. Marina e Daniel Mundukuru s√£o exemplos.",Ciro Gomes
2022-08-01 03:26:07+00:00,1553945141324517383,@La14Granate @SomosElSurr @leopanno @GranateMecanico @NGrana @luismaria80 Es un caso raro el de ciro. Todo club al que fue le fue bien excepto Lanus.,Ciro Gomes
2022-08-01 03:26:02+00:00,1553945121120550913,"@p4uluxo @WDordet Ciro j√° foi derrotado quatro vezes, n√£o est√° na hora de perceber que o cargo est√° acima de suas possibilidades?
Quantos derrotas mais ter√° que sofrer para se retirar da contenda?
O argumento de ter direito a uma chance porque vem tentando a mais tempo, n√£o parece fazer sentido.",Ciro Gomes
2022-08-01 03:26:00+00:00,1553945112216014851,@BlogdoNoblat Poderia? Eu vou votar no √∫nico que tem projeto: √© Ciro! üåπüåµ,Ciro Gomes
2022-08-01 03:25:44+00:00,1553945045916680192,"Rui Costa Pimenta disse hoje em entrevista ao 247 que Ciro s√≥ √© candidato pra tirar votos de Lula. Ainda bem que n√£o est√° conseguindo. Ciro n√£o v√™ que a candidatura de Lula, longe de ser um projeto pessoal, √© um ato pol√≠tico de bravura e resist√™ncia por todos n√≥s brasileiros.",Ciro Gomes
2022-08-01 03:25:14+00:00,1553944920305438720,"@ciro_cavs18 Fortinero hasta la m√©dula
Aguante el Cacique",Ciro Gomes
2022-08-01 03:25:06+00:00,1553944885186764802,@reinaldoazevedo Eu pergunto : E ent√£o Ciro Gomes,Ciro Gomes
2022-08-01 03:24:49+00:00,1553944814600613888,@ciro_cavs18 @DownloaderBot,Ciro Gomes
2022-08-01 03:24:28+00:00,1553944728319803394,"@77_frota A√≠ a putaria se torna c√≠clica, na outra elei√ß√£o teremos outro salvador da p√°tria do lado de l√°, temos que quebrar esse ciclo vicioso √© nocivo ao Brasil, por isso √© importante a candidatura do Ciro.",Ciro Gomes
2022-08-01 03:24:05+00:00,1553944628709163008,@SocorroGomes5 @desmentindobozo @ciro_nogueira ( ‚úß‚âñ Õú ñ‚âñ) https://t.co/rjTc1J1Kqi,Ciro Gomes
2022-08-01 03:23:36+00:00,1553944507426783235,"Agora vai, acredite.ü§£ü§£ü§£ü§£--&gt;&gt;&gt;PSDB de A√©cio e PDT de Ciro anunciar√£o alian√ßa em Minas nesta quarta
https://t.co/9o6SdhvZIY",Ciro Gomes
2022-08-01 03:23:22+00:00,1553944451810267138,"@A_Ezkerra @epigmenioibarra @CiroGomezL Ni sabes que es el nazismo y fascismo, si las supieras a AMLO le dir√≠as fascista",Ciro Gomes
2022-08-01 03:23:15+00:00,1553944420411744257,Ciro Gomes... https://t.co/EL9092bfu8,Ciro Gomes
2022-08-01 03:22:51+00:00,1553944321992294403,@ThiagoTolfo E eu tamb√©m... Quero ver Ciro Gomes trucidando o coisa ruim e o coisa pior.,Ciro Gomes
2022-08-01 03:22:38+00:00,1553944265247662081,@jeremiasbispo @deccache @Haddad_Fernando Vou compartilhar dessa pipoca qdo Ciro decidir viajar pra Paris!,Ciro Gomes
2022-08-01 03:22:37+00:00,1553944261552353280,@epigmenioibarra @CiroGomezL Los Uni√≥??!!‚Ä¶ jajajajajaja,Ciro Gomes
2022-08-01 03:22:33+00:00,1553944245198897153,@SorayaThronicke Vem com Ciro Gomes defender a democracia. https://t.co/vLP0hgmzKA,Ciro Gomes
2022-08-01 03:21:55+00:00,1553944086607962112,"@SouzaDeMartins1 @lfdavilaoficial ... naummm √©,  s√≥ t√° passando vergonha &amp; pregando no deserto... 
... o plano ""C""...
Aquele 52%
Ele        32%
Ciro      09%
... o voto √© imprescind√≠vel no primeiro turno e ter√° q ser no 3¬∞ das pesquisas ‚úåÔ∏èü§ô ...
ressaltando: Lupi √© um bosta",Ciro Gomes
2022-08-01 03:21:44+00:00,1553944040588165121,"@alvaroborba O √Ålvaro se tornou t√£o vassalo ao PT
Que o Ciro passa uma semana em alta, falando e fazendo atos super relevantes 

Mas da√≠ o √Ålvaro pega sempre uma coisinha aqui ou ali para criticar o Ciro

O Lulismo comeu sua cabe√ßa.",Ciro Gomes
2022-08-01 03:21:13+00:00,1553943910187208705,"@brealt Voc√™s s√£o incapazes de compreender, n√≥s n√£o queremos Lola, queremos um projeto e Ciro representa ele mas n√£o manda em n√≥s. Mandados s√£o voc√™s.",Ciro Gomes
2022-08-01 03:20:53+00:00,1553943823902023682,EXPLODIU!!! CIRO GOMES SURTOU DE VEZ NA GLOBONEWS!!! https://t.co/ECUsYe2oM1 via @YouTube,Ciro Gomes
2022-08-01 03:20:43+00:00,1553943781694742528,"@CiroGomezL @rosaicela_ Morena, est√° conformado por una horda de ignorantes, fan√°ticos y pueblo pagado que hace lo que sea por las limosnas que seg√∫n ellos les da AMLO.
Siguen manipulando, dividiendo y comprando votos.
Ahorita la rapi√±a por el Poder.
Sorry KKS son peores que antes.
üí∞üí∞üí∞üêÄü¶≠üêÄüí©üí©üí©üí©",Ciro Gomes
2022-08-01 03:20:26+00:00,1553943710601134080,"@lhlove_28 Ciro= perro
Buba= perra
Chuch√∫= perra
Bizcocha= gata
Tiki/Negra/ tikiti: gata",Ciro Gomes
2022-08-01 03:20:17+00:00,1553943672504328192,"@Douglas81976854 @AnaMariaPreis @huglevison Ciro e Aecin se precisar, manda matar os primos!?",Ciro Gomes
2022-08-01 03:20:12+00:00,1553943651994181638,"@JunkoshimaYU @ySaturnsz @fyrFrostzin @anton_bastos Eles mandam mas n√£o botam press√£o pra acontecer, a verdade √© que o Lula s√≥ ganha do Bolsonaro nessa elei√ß√£o, por isso tirar ele seria um tiro no p√©, pq √© passagem livre pro Ciro ou qualquer um da terceira via ganhar",Ciro Gomes
2022-08-01 03:20:04+00:00,1553943619769434114,@cirogomes O inomin√°vel usou este mesmo discurso para se eleger. Ser√° que funciona com vc Ciro?,Ciro Gomes
2022-08-01 03:19:52+00:00,1553943567462445058,"Esse ai esta torcendo para o Bolsonaro ganhar as elei√ß√µes, pois ganhando Bolsonaro, ele n√£o pode concorrer em 2026, ano que possivelmente o Ciro vai a disputar a presid√™ncia sem o Mito.  Lula ganhando ele pode se candidatar a reelei√ß√£o, tornando mais dif√≠cil o sonho do Ciro. https://t.co/OJC0YTJieI",Ciro Gomes
2022-08-01 03:19:47+00:00,1553943549447659522,@um_reptiliano @APrimeiraVia @JoseMor18976463 Voc√™ est√° insinuando que o Ciro √© uma metralhadora girat√≥ria?,Ciro Gomes
2022-08-01 03:53:12+00:00,1553951959819997184,"@cirogomes @CartunistaT Lula tem um projeto de mudan√ßa e Bolsonaro tamb√©m (ditadura √© um projeto, oras). S√≥ n√£o conseguiram implantar",Ciro Gomes
2022-08-01 03:51:44+00:00,1553951590423347200,"@andre_arag @WasaczJulio @xicograziano para isso n√£o acontecer, o ideal √© nos unirmos em torno da candidatura que est√° em 3¬∫ lugar, Ciro Gomes.",Ciro Gomes
2022-08-01 03:49:49+00:00,1553951108476846080,"@tsdomenichelli @cirogomes @CartunistaT Ele dava um pulinho em Paris, nessas horas.",Ciro Gomes
2022-08-01 03:49:48+00:00,1553951102651211776,@FlaMoliesi @cirogomes Eu tbm,Ciro Gomes
2022-08-01 03:49:13+00:00,1553950956152299520,"@rosana Ciencia,paciencia e inteligencia= CIRO GOMES!",Ciro Gomes
2022-08-01 03:48:52+00:00,1553950868374011905,@cirogomes Ainda bem que voc√™ n√£o perguntou qual delas o Bolsonaro comeu ou roubou,Ciro Gomes
2022-08-01 03:48:44+00:00,1553950833292808192,@ReggaeJaahh @cirogomes @CartunistaT Hmmmm ( Õ°¬∞ Õú ñ Õ°¬∞) https://t.co/vUeJUvek0e,Ciro Gomes
2022-08-01 03:48:00+00:00,1553950649561366528,"@mainfluencer13 @Anitta @cirogomes @GabrielaPrioli √î, gente. Que d√≥. Anita tem mais seguidores e engajamento do que o Cilo teve em votos em 2018. Mais p√© no ch√£o para n√£o passar vergonha, Ciristas.",Ciro Gomes
2022-08-01 03:47:58+00:00,1553950639180464129,@Atalmir @cirogomes @GloboNews @jairbolsonaro @LulaOficial No thank you! My vote goes to what I believe is best and not to polls.,Ciro Gomes
2022-08-01 03:47:46+00:00,1553950590027173889,"@rayzacordeiro_ @OnlyFreedomOrg3 @WemersonLuna @AndreJanonesAdv @cirogomes Que bom que voc√™ assistiu. 
Obrigada e sinta-se a vontade para fazer parte da #TurmaBoa üåπ",Ciro Gomes
2022-08-01 03:47:26+00:00,1553950506900406272,@cirogomes @CartunistaT KKKKKKKKK o desespero humilha,Ciro Gomes
2022-08-01 03:47:20+00:00,1553950483198496768,"Os C√öMPLICES daquele Ano que assinaram o tal Pacto com o Capiroto Cramulhao ( George Soros ) 
FHC ( Fernando Henrique Cardoso ) O Cangaceiro ( Ciro Gomes ) ( #LulaMoluscoNineFingerThief ) assistam o v√≠deo at√© o final ü§°üíâüö®üëáüèΩüëáüèΩüëáüèΩ https://t.co/UNgHgcLqEZ https://t.co/VlE7zvLaMP",Ciro Gomes
2022-08-01 03:47:13+00:00,1553950454425468928,@_iiass @cirogomes @CartunistaT N√£o duvido kkkkkkk,Ciro Gomes
2022-08-01 03:46:50+00:00,1553950353900457984,"@OnlyFreedomOrg3 @rayzacordeiro_ @WemersonLuna @AndreJanonesAdv @cirogomes Boa pergunta. S√≥ pelo fato dele est√° disposto a ir a 1 debate j√° o coloca em 1 posi√ß√£o diferente dos dois principais. Ele tem 1 proposta seria p o BR, taxar as grandes fortunas e governar como  estadista. Se vc tiver interesse, veja o v√≠deo dele com o @FabioPorchat na globo news.",Ciro Gomes
2022-08-01 03:46:37+00:00,1553950302994309120,"LULA X CIRO GOMES.

GRA√áAS A BRIGA DOS DOIS O BRASIL CONHECE MUITO MAIS DOS ESQUEMAS DOS PTRALHAS.

A VERDADE APARECENDO POR QUEM CONHECE A FORMA DE TRABALHO DOS PTRALHAS. https://t.co/XUn6rfaqxN",Ciro Gomes
2022-08-01 03:46:37+00:00,1553950301996126209,"@ideiasamil @cirogomes @CartunistaT Esse aperta 13 no sigilo, certeza kkkkkkkk",Ciro Gomes
2022-08-01 03:46:29+00:00,1553950267124682754,@cirogomes @CartunistaT √â vergonha alheia que se diz?,Ciro Gomes
2022-08-01 03:46:17+00:00,1553950217875210241,@adeesantana @cirogomes Amigo. Bolsonaro ganhou a elei√ß√£o com chapa pur√≠ssima.,Ciro Gomes
2022-08-01 03:46:02+00:00,1553950156508340227,"@ViverVer @Brunobam @APrimeiraVia @cirogomes Ter voto simples assim
O projeto seis esse? Vc leu? https://t.co/I0oZ0PrKP0",Ciro Gomes
2022-08-01 03:45:42+00:00,1553950069178646529,@_iiass @cirogomes @CartunistaT Coordenador de campanha f√£ ou hater?,Ciro Gomes
2022-08-01 03:45:19+00:00,1553949972416143360,"@cirogomes @CartunistaT Mil√©simo post infantil, as crian√ßas v√£o votar mesmo ent√£o",Ciro Gomes
2022-08-01 03:45:09+00:00,1553949931794219008,@cirogomes @CartunistaT A realidade √© somente uma: Ciro Gomes √© um ningu√©m na politica nacional e nao tem condi√ß√µes de governar nem o proprio estado dele atualmente. Mas ta legal dar risada com a insignificancia deste senil.,Ciro Gomes
2022-08-01 03:45:00+00:00,1553949895089967104,@Ruicpimenta29 @cirogomes vendo a barca da esquerda afundar e pula fora do barco para ser a esquerda nos pr√≥ximos anos,Ciro Gomes
2022-08-01 03:44:58+00:00,1553949886797725696,"@LizAzebot @cirogomes @CartunistaT O pior de tudo, √© que ele acha real que t√° abafando no marketing para o p√∫blico jovem.",Ciro Gomes
2022-08-01 03:44:41+00:00,1553949815935012872,"@cirogomes @CartunistaT Agora sabemos pra onde o mestre dos magos ia quando ele sumia, Paris!",Ciro Gomes
2022-08-01 03:44:32+00:00,1553949777334878209,"@cirogomes @CartunistaT Pat√©tico
Vc se perdeu no personagem 
Uma l√°stima",Ciro Gomes
2022-08-01 03:44:31+00:00,1553949771618029568,@_iiass @cirogomes @CartunistaT Mds simmm,Ciro Gomes
2022-08-01 03:44:10+00:00,1553949683122405377,@cirogomes @CartunistaT joao santana √© nosso,Ciro Gomes
2022-08-01 03:44:05+00:00,1553949663795073027,Ciro Gomes √© hoje o que sobrou do antipetismo !,Ciro Gomes
2022-08-01 03:44:02+00:00,1553949651023405059,@cirogomes @CartunistaT Que merda meu deus,Ciro Gomes
2022-08-01 03:43:51+00:00,1553949604781121542,@ideiasamil @cirogomes @CartunistaT Quem coordena essa campanha pra permitir umas coisas dessas n√© ?! Kkkkk terr√≠vel,Ciro Gomes
2022-08-01 03:43:51+00:00,1553949604772724736,@cicerovsampaio @cirogomes @CartunistaT Legal que o Ciro tem seu pr√≥prio carluxo.,Ciro Gomes
2022-08-01 03:43:48+00:00,1553949594421174272,@LizAzebot @cirogomes @CartunistaT KKKKK,Ciro Gomes
2022-08-01 03:42:51+00:00,1553949354901356545,"@cirogomes Bora deixar morrer de fome!!! Fica em casa lembra? Agora a conta chegou, mas o PRESIDENTE BOLSONARO AVISOU DESDE O IN√çCIO",Ciro Gomes
2022-08-01 03:42:47+00:00,1553949335678861312,@cirogomes @CartunistaT *de Voto,Ciro Gomes
2022-08-01 03:42:38+00:00,1553949299519758336,"Falem o que quiser dos candidatos √† presid√™ncia, mas #CiroGomes est√° dando um baile de orat√≥ria e propostas. Ele bem que merecia uma chance. Bateu tanto em #Lula e #Bolsonaro que, creio que ele se esfor√ßaria muito para acertar.",Ciro Gomes
2022-08-01 03:41:39+00:00,1553949049568612353,"@SolMarTerr @alertatotal @LulaOficial @jairbolsonaro @cirogomes Manda o Alckimin defender o Luladr√£o.  Kkkkkkkkkkkkk (13 vezes).
#BolsonaroReeleito2022 
#LulaLadraoSeuLugarENaPrisao",Ciro Gomes
2022-08-01 03:41:04+00:00,1553948902633750528,@eltonldd @cirogomes @CartunistaT Meu c√©us. Ciro est√° acabado. S√≥ o baga√ßo...,Ciro Gomes
2022-08-01 03:40:44+00:00,1553948821738110976,"@cirogomes @CartunistaT O Sr sabe que na est√≥ria, o mago sempre some na hora ""H"" ?
Precisa passar um pente fino na sua equipe.
ü§¶üèª‚Äç‚ôÄÔ∏è",Ciro Gomes
2022-08-01 03:40:26+00:00,1553948744655278081,"@cirogomes @CartunistaT Na hora de ajudar, o mestre dos magos desaparece e estar√° em Paris, s√≥ de boas, comendo croissant.",Ciro Gomes
2022-08-01 03:40:22+00:00,1553948727622213634,"@Aerdor @cirogomes A final √© de verdade mesmo?
Kkk",Ciro Gomes
2022-08-01 03:39:35+00:00,1553948532779933697,@JailmaFabiana @cirogomes @CartunistaT Agora sabemos aonde ia o mestre dos magos todas as vezes que ele sumia. Ia pra Paris. Hehehe,Ciro Gomes
2022-08-01 03:39:27+00:00,1553948496507686912,"@SolMarTerr @alertatotal @LulaOficial @jairbolsonaro @cirogomes √â,  petista t√™m dificuldade para entender as coisas. Ningu√©m t√° falando que Bolsonaro precisa de ajuda. √â a campanha do rato descondenado que cada vez mais afunda na lama das ambi√ß√µes e falta de √©tica dos esquerdosos. 
Detalhe novo √© que o Bob Jeff √© o algoz do PT no mensal√£o.",Ciro Gomes
2022-08-01 03:38:44+00:00,1553948317297541121,@cirogomes @CartunistaT Vc fez o que sempre o mestre dos magos faz quando as pessoas mais precisa. Some para Paris..,Ciro Gomes
2022-08-01 03:38:11+00:00,1553948178910691328,"@brasil247 A esquerda cada dia mais confusa...
Lula se alia ao Alckmin (vice-versa);
Kallil se alia a Lula em MG (vice-versa);
Ciro Gomes se alia a A√©cio em MG (vice-versa);
Vamos aguardar os pr√≥ximos cen√°rios e alian√ßas... mas est√° bem engra√ßado! kkkk...",Ciro Gomes
2022-08-01 03:37:44+00:00,1553948065106632706,@um_reptiliano @deluca_joao @cirogomes üòÇüòÇüòÇüòÇü•Ä,Ciro Gomes
2022-08-01 03:37:18+00:00,1553947956063223808,@teixeira_aulus @cirogomes Turma boa tamo junto üëä https://t.co/JRIvD5A0yK,Ciro Gomes
2022-08-01 03:36:31+00:00,1553947761434820609,"N√£o h√° santo, nem beato, nem sagrado, nem deus, nem mito, nem pesquisa q mude meu voto. Sou #CiroGomesAt√©OFim. Nem q o pr√≥prio @cirogomes me pedisse para mudar meu voto eu mudaria. Vou cravar 12 nos dois turnos independente de pesquisa e de resultados.
#NoMeuVotoNinguemMexe",Ciro Gomes
2022-08-01 03:35:28+00:00,1553947494232498176,@cirogomes @CartunistaT Meodeos! √â a campanha mais sem no√ß√£o de todos os tempos. Parece um filme de dos Trapalh√µes. N√£o tem um bom amigo para avisar?,Ciro Gomes
2022-08-01 03:34:34+00:00,1553947267454976001,"@Mille_Soares00 anula o que fica em cima do muro, Ciro Gomes n√£o merece ser op√ß√£o jkkkkk",Ciro Gomes
2022-08-01 03:34:31+00:00,1553947255064887296,"@adeesantana @cirogomes N√£o concordo. Mas se for para acalmar sua mente, tudo bem",Ciro Gomes
2022-08-01 03:33:56+00:00,1553947107584778240,"@teixeira_aulus @cirogomes Desculpe, mas eu ri ü´¢",Ciro Gomes
2022-08-01 03:33:11+00:00,1553946920342757388,"@rennatodutra Todo mundo aqui sabe que sou f√£ do Ciro Gomes e defensora do PND. Mas depois que vi o Lula em Fortaleza, mudei o meu voto, pois achei o Lula mais preparado para enfrentar a terra arrasada que o miliciano vai deixar!",Ciro Gomes
2022-08-01 03:33:08+00:00,1553946906740621312,@cirogomes @CartunistaT por essas porcarias e outras que vc nunca ser√° presidente,Ciro Gomes
2022-08-01 03:32:39+00:00,1553946788285087744,"@frshuanw @cirogomes Arreg√£o. Foge de tudo. Da imprensa, de debate...",Ciro Gomes
2022-08-01 03:31:31+00:00,1553946500803297280,@teixeira_aulus @cirogomes E noix Queiroz!!! A turma boa https://t.co/RgVloOw2ap,Ciro Gomes
2022-08-01 03:31:21+00:00,1553946460600811526,"@hugossouto @cirogomes @CartunistaT S√≥ o mestre dos magos aka Ciro, consegue.",Ciro Gomes
2022-08-01 03:30:52+00:00,1553946335765749761,"@unatalie @cirogomes Acho que nem a Marina defende isso, tem que ter uma margem aceit√°vel para aceitar que n√£o destrua o ecosistema!",Ciro Gomes
2022-08-01 03:30:37+00:00,1553946276185636865,@unatalie @cirogomes Ele j√° disse que √© a favor de minera√ß√£o em TI....,Ciro Gomes
2022-08-01 03:29:59+00:00,1553946113815810049,"@frshuanw @cirogomes Esse bandido, ladr√£o de gasolina, tchutxhuca do centr√£o vai pra cadeia assim que perder o foro.",Ciro Gomes
2022-08-01 03:29:55+00:00,1553946098280157190,@cirogomes @CartunistaT Fico passada com a falta de bom senso,Ciro Gomes
2022-08-01 03:29:50+00:00,1553946076763357185,"@cirogomes @CartunistaT Da dica, mas na vdd nunca √© a sa√≠da e sempre some no final... Mestre Cirus enganador. Caraca passa vergonha direto... est√£o te sacaneando nesta campanha e tua t√° se sentindo...kkkkkk",Ciro Gomes
2022-08-01 03:29:49+00:00,1553946075467317251,"@ZuleideAtanasio @UOLNoticias √â verdade,  pq o corrupto e Ciro Gomes n√©?
Vai estudar pol√≠tica...",Ciro Gomes
2022-08-01 03:29:31+00:00,1553945996530331649,@marivalentimdf @cirogomes Poderia ser o Daciolo.,Ciro Gomes
2022-08-01 03:29:30+00:00,1553945994299056128,"Eu infelizmente vi 

eu infelizmente vi o v√≠deo do Ciro Gomes fazendo analogia com caverna do drag√£o",Ciro Gomes
2022-08-01 03:29:25+00:00,1553945972610408448,"@cirogomes @CartunistaT E voc√™, Ciro, o que acha que pode fazer diferente? Voc√™ √© igual ou pior que todos. Quando a situa√ß√£o estava explodindo, voc√™ pegou o avi√£o e foi para PARRI‚Ä¶
Deus me livre voc√™ como presidente‚Ä¶",Ciro Gomes
2022-08-01 03:29:08+00:00,1553945900661313536,@cirogomes @CartunistaT Tu sabe que o Mestre √© o maluco que sempre somem quando mais precisam dele n√©?,Ciro Gomes
2022-08-01 03:28:50+00:00,1553945826057195526,"@Vana_FN @rital1n0 @itjoelrs @cirogomes @CartunistaT Mas agora tamb√©m est√° ganha, pelo Lula, e ele continua firme e forte....n√£o adianta procurar desculpas, o Ciro sempre foi isso, basta ver que mudou de v√°rios partidos igaul seu Jair rsss..pq? Se acha bom de mais..",Ciro Gomes
2022-08-01 03:28:37+00:00,1553945770860191746,"@RossiFabrini @don_borto @cirogomes Se fosse digno de nosso voto, teria ficado e lutado contra o fascista. 
N√£o duvido que ele repita a dose esse ano. Mas, tudo indica que n√£o precisaremos dele. Se Deus quiser.",Ciro Gomes
2022-08-01 03:27:48+00:00,1553945565054083073,"@cirogomes @CartunistaT When I'm in a
vergonha alheia
competition
and my opponent is
ciro gomes https://t.co/AM0mHhiUeB",Ciro Gomes
2022-08-01 03:27:45+00:00,1553945554438307841,"@cirogomes @CartunistaT Que bosta hahahaha
Vergonha alheia.",Ciro Gomes
2022-08-01 03:27:38+00:00,1553945523010281472,"@unatalie @cirogomes Natalie, n√£o lembrei de te passar antes, mas deixo como sugest√£o a participa√ß√£o do @DMunduruku numa live feita pelo Ciro. √â a partir da minutagem 25:55, mais ou menos:

https://t.co/VfcB1z8KQ7

Tem a √∫ltima (ainda n√£o vi) com o Turra e a Tarin (49:30):

https://t.co/1rqlHdgj96",Ciro Gomes
2022-08-01 03:27:04+00:00,1553945380227891202,"@fabiano14885851 @macielclaudio @daniel_quint7 @alertatotal @LulaOficial @jairbolsonaro @cirogomes T√° dif√≠cil acreditar em petistas. Por que ser√°?!?
https://t.co/VTJkGAaTrw",Ciro Gomes
2022-08-01 03:26:55+00:00,1553945342550450177,@Douglas81976854 @renato_rovai @Wanders89329223 Entendeu porque votaremos em @cirogomes ?,Ciro Gomes
2022-08-01 03:26:49+00:00,1553945319372627968,Seremos @cirogomes  12 at√© sua vit√≥ria . https://t.co/7QG2bz8Gyw,Ciro Gomes
2022-08-01 03:26:48+00:00,1553945312431153152,"@Vana_FN @hugossouto @cirogomes @CartunistaT Ele foi sim, ele mesmo fala
Depois ele voltou e votou no Haddad, mas n√£o o apoiou",Ciro Gomes
2022-08-01 03:26:26+00:00,1553945224057061383,@igorgadelham @Metropoles @cirogomes como sempre assertivo... https://t.co/7QyPISV8kb,Ciro Gomes
2022-08-01 03:26:19+00:00,1553945194332053505,"Finalmente saiu a Toalha do Ciro Gomes!
@lula13133
@Sgt_Pimenta4
@Mano1Ju
@mmarescast
@Mano1Ju
@Canhoto
@hilde_ange
@ThiagoResiste
@ZBombazar
@DilmaDebochada_
@DilmaeFICA
@DilmaResiste
@sequeira_kg
@cmsclaudio
@edusilvafogo
@EduMasterPE1
@ComiteVirtual13
@CPL_Nossa_Voz
@luta_lula https://t.co/bfidsBO4Ig https://t.co/YRnAe64QLE",Ciro Gomes
2022-08-01 03:26:17+00:00,1553945186002149380,"@teaminbusiness @cirogomes @Haddad_Fernando @MarinaSilva @DMunduruku @psol_ricardo @m_maisdireitos Eu voto em quem eu gosto e acredito, n√£o importa o partido. Ciro √© o melhor candidato a presid√™ncia. Gosto muito do Haddad e de suas ideias. Ambas as candidaturas a estadual s√£o vereadores da regi√£o onde moro ent√£o confio 100%. Marina e Daniel Mundukuru s√£o exemplos.",Ciro Gomes
2022-08-01 03:26:01+00:00,1553945118637543426,@CCMazza A pretens√£o de voc√™s √© estarrecedora. Acham que v√£o afastar os irm√£os. Isso √© ainda mais feio do que sua trai√ß√£o a um l√≠der e um partido que o colocou no governo e ajudou a sustenta-lo e esse l√≠der foi @cirogomes e o PDT. N√£o foi Gula nem o PT.,Ciro Gomes
2022-08-01 03:25:09+00:00,1553944898407129088,"@euMarinaMamede @cirogomes @CartunistaT Meu, n√£o √© poss√≠vel
A campanha dele ta de sacanagem kkkkkkkkkk
Eu se fosse ele depois dessa campanha horrorosa ia pra Paris e nem voltava mais",Ciro Gomes
2022-08-01 03:25:06+00:00,1553944885186764802,@reinaldoazevedo Eu pergunto : E ent√£o Ciro Gomes,Ciro Gomes
2022-08-01 03:25:00+00:00,1553944860490596354,@cirogomes @CartunistaT Passando vegonha uma horas dessas?,Ciro Gomes
2022-08-01 03:24:35+00:00,1553944757625290752,"@brealt Sa√≠da , acha mesmo que somos traidores como voc√™s, n√£o podem ver uma corrup√ß√£o que querem apoiar..

Ser√° @cirogomes  presidente sim.",Ciro Gomes
2022-08-01 03:23:39+00:00,1553944521771294725,@cirogomes O teu narcismo te impede de ser presidente. Acorda pra vida! Vc precisa comer muito feij√£o com arroz pra se tornar um l√≠der nato como o Lula.,Ciro Gomes
2022-08-01 03:23:37+00:00,1553944514435469313,"@ElizeuWeck @cirogomes @CartunistaT Rapaz, faz 1 ano que as elei√ß√µes est√£o decidas, ainda est√° pensando em estrat√©gias dw 3¬∞ via? Rss",Ciro Gomes
2022-08-01 03:23:15+00:00,1553944420411744257,Ciro Gomes... https://t.co/EL9092bfu8,Ciro Gomes
2022-08-01 03:23:03+00:00,1553944370344333313,@LuizTambosi @cirogomes @CartunistaT cu https://t.co/vUeJUvek0e,Ciro Gomes
2022-08-01 03:23:00+00:00,1553944358478663682,"@buarquers @GilneiBorba @CaboDaciolo @cirogomes Pode pular ent√£o mano, n√£o ouviu o que ele disse.??? Os traidores que saiam. 
Primeiro; que ele nao e um fanatico, ele √© fervoroso. Ora; a f√© que n√£o desafia o ridiculo dos homens, n√£o √© a verdadeira f√©. 
Segundo; com esse seu pensamento tu e realmente cisrista.???",Ciro Gomes
2022-08-01 03:22:51+00:00,1553944321992294403,@ThiagoTolfo E eu tamb√©m... Quero ver Ciro Gomes trucidando o coisa ruim e o coisa pior.,Ciro Gomes
2022-08-01 03:22:33+00:00,1553944245198897153,@SorayaThronicke Vem com Ciro Gomes defender a democracia. https://t.co/vLP0hgmzKA,Ciro Gomes
2022-08-01 03:21:22+00:00,1553943947004854272,"@RossiFabrini @don_borto @cirogomes Foi para Paris, sim! Mentiroso est√° sendo voc√™. Se ele foi a Lisboa tamb√©m e retornou a tempo de votar, em nada muda a nossa opini√£o do ent√£o candidato despeitado.

https://t.co/FCCLTrT5ma",Ciro Gomes
2022-08-01 03:21:05+00:00,1553943875567370241,@cirogomes @CartunistaT @paleduardo,Ciro Gomes
2022-08-01 03:20:58+00:00,1553943844949004289,@FGuerreiroMEP @tocantins79 @cirogomes https://t.co/i0XUQ5BhCK,Ciro Gomes
2022-08-01 03:20:53+00:00,1553943823902023682,EXPLODIU!!! CIRO GOMES SURTOU DE VEZ NA GLOBONEWS!!! https://t.co/ECUsYe2oM1 via @YouTube,Ciro Gomes
2022-08-01 03:20:11+00:00,1553943649737637889,@FGuerreiroMEP @cirogomes Pensei a mesma coisa qndo vi esse post dele... E me pergunto como q esse povo n√£o cansa desse texto chato dele,Ciro Gomes
2022-08-01 03:20:05+00:00,1553943625544994816,@historia_pensar @cirogomes @CartunistaT Na cara n√£o.... assim estraga o vel√≥rio,Ciro Gomes
2022-08-01 03:20:04+00:00,1553943619769434114,@cirogomes O inomin√°vel usou este mesmo discurso para se eleger. Ser√° que funciona com vc Ciro?,Ciro Gomes
2022-08-01 03:18:50+00:00,1553943308703043584,@adeesantana @Kate_indignada @CaboDaciolo @cirogomes Sinto o mesmo. E olha que sou Ateu. Hebehe,Ciro Gomes
2022-08-01 03:18:46+00:00,1553943291930021888,@Aerdor @gisellebezerra @cirogomes üòÇüòÇ,Ciro Gomes
2022-08-01 03:18:36+00:00,1553943250200821760,@alertatotal @LulaOficial @jairbolsonaro @cirogomes https://t.co/5IeirBp8EO,Ciro Gomes
